110100,札幌中央区,43.0384041572337,141.302077451493
110200,札幌北区,43.1347503224117,141.354056247971
110300,札幌東区,43.1087430953872,141.40131974021
110400,札幌白石区,43.0603253195276,141.425172890005
110500,札幌豊平区,42.9998131682113,141.388947814027
110600,札幌南区,42.9471219985831,141.181575479985
110700,札幌西区,43.0639274394172,141.243072357961
110800,札幌厚別区,43.043337954344,141.473777253169
110900,札幌手稲区,43.115809519746,141.224470978469
111000,札幌清田区,42.9620412063908,141.431388494746
120200,函館市,41.8375442406375,140.925962642598
120300,小樽市,43.1563512374246,141.026192698697
120400,旭川市,43.7579245541089,142.370077646541
120500,室蘭市,42.3665755241644,140.988434455214
120600,釧路市,43.1591080478681,144.066466792425
120700,帯広市,42.7573626555188,143.030598162976
120800,北見市,43.8516046711449,143.715187095392
120900,夕張市,43.0433644063873,142.11063878828
121000,岩見沢市,43.180870132831,141.797432133031
121100,網走市,43.9856540982646,144.210500906309
121200,留萌市,43.8856050434617,141.755657223362
121300,苫小牧市,42.682242280286,141.579487993938
121400,稚内市,45.3324316315819,141.828300620651
121500,美唄市,43.3380517087789,141.881827522827
121600,芦別市,43.4254209757933,142.2015985771
121700,江別市,43.1072960652917,141.543901114903
121800,赤平市,43.5679010074692,142.062801745884
121900,紋別市,44.2032345382318,143.292920553104
122000,士別市,44.1152275968448,142.54052883111
122100,名寄市,44.3395133484202,142.459307181794
122200,三笠市,43.2397670564251,141.992719364262
122300,根室市,43.3154699204573,145.585475423304
122400,千歳市,42.8004827639243,141.509504671969
122500,滝川市,43.6083752291819,141.949868657844
122600,砂川市,43.5032849438688,141.932729587327
122700,歌志内市,43.4936617801398,142.038773450017
122800,深川市,43.7933487948471,142.0992248772
122900,富良野市,43.2818291411095,142.47348363953
123000,登別市,42.46565244799,141.075774394504
123100,恵庭市,42.8712422636348,141.464105855898
123300,胆振伊達市,42.6097196394369,141.017532467502
123400,北広島市,42.9615516344947,141.514915746517
123500,石狩市,43.4658953680852,141.442932669489
123600,渡島北斗市,41.8641182356455,140.55423403161
130300,当別町,43.3635999846905,141.562727936963
130400,新篠津村,43.2243642365864,141.61490162357
133100,渡島松前町,41.5150149729633,140.065064509337
133200,福島町,41.5255649156046,140.249645192365
133300,知内町,41.6030993873802,140.342003715277
133400,木古内町,41.727651298417,140.41541650686
133700,七飯町,41.9487781074115,140.700264558189
134300,鹿部町,42.0214069895975,140.782458778197
134500,渡島森町,42.0700162240445,140.562266692892
134600,八雲町,42.18993891893,140.200486175398
134700,長万部町,42.5211110920655,140.311860385605
136100,檜山江差町,41.8857478104748,140.177343635188
136200,上ノ国町,41.7138659066908,140.173407463899
136300,厚沢部町,41.9219456195283,140.343054049216
136400,乙部町,42.0221188058876,140.183223658308
136700,奥尻町,42.1553384492168,139.473175204362
137000,今金町,42.4437118815274,140.093679653035
137100,せたな町,42.3831904344138,139.901860998866
139100,島牧村,42.6554412308691,140.070631182458
139200,寿都町,42.7909143804771,140.299544246152
139300,黒松内町,42.6672133575392,140.363792407392
139400,蘭越町,42.8003142282923,140.491244622736
139500,ニセコ町,42.7797862056863,140.674174757977
139600,真狩村,42.7574657199462,140.798248817261
139700,留寿都村,42.7182682998172,140.900005610511
139800,喜茂別町,42.7982057947316,141.00522647921
139900,京極町,42.8876811538519,140.942780224438
140000,倶知安町,42.9136681624468,140.779569825836
140100,共和町,42.9883411536116,140.627353683449
140200,岩内町,42.937532086517,140.478553630562
140300,泊村,43.1008838387938,140.515336587841
140400,神恵内村,43.1937305984033,140.432782589621
140500,積丹町,43.2879686606364,140.477826809538
140600,古平町,43.1880018421168,140.609652663434
140700,仁木町,43.0908115693715,140.735040374718
140800,余市町,43.1764689512677,140.774069490193
140900,赤井川村,43.0552254842863,140.906516648632
142300,南幌町,43.0596496774884,141.633417152572
142400,奈井江町,43.418317703347,141.924926111403
142500,上砂川町,43.4484725007119,142.003771967131
142700,由仁町,42.941178859309,141.862548370366
142800,長沼町,42.9893833396773,141.694905351531
142900,栗山町,43.0266110039422,141.87086681172
143000,月形町,43.3697500384396,141.672971769562
143100,浦臼町,43.4385761893554,141.7891480267
143200,新十津川町,43.5904186644627,141.728129130293
143300,妹背牛町,43.7075734248929,141.944696954962
143400,秩父別町,43.7748163340232,141.959083552463
143600,雨竜町,43.694775281966,141.750250644667
143700,北竜町,43.7643206729254,141.790983426028
143800,沼田町,43.8855538157676,141.962603510267
145200,鷹栖町,43.8892904043534,142.33648843844
145300,東神楽町,43.6742159372439,142.490908536181
145400,当麻町,43.8191911298422,142.594233038244
145500,比布町,43.9185522323854,142.485029819101
145600,愛別町,43.9430015321779,142.635524912061
145700,上川地方上川町,43.7509770634608,142.927891564619
145800,東川町,43.6728701848758,142.684914150216
145900,美瑛町,43.5580150734858,142.61188035209
146000,上富良野町,43.4539568935978,142.526977669406
146100,中富良野町,43.4026872644827,142.429147053644
146200,南富良野町,43.1669732709893,142.56113093437
146300,占冠村,43.0082455693405,142.475549259966
146400,和寒町,44.010538741836,142.37441306355
146500,剣淵町,44.1035896365315,142.341502576978
146800,下川町,44.3135747675629,142.71665100922
146900,美深町,44.5403631165513,142.396116621012
147000,音威子府村,44.7147805149174,142.247336666665
147100,上川中川町,44.6903334488434,142.093371155031
147200,幌加内町,44.2308565466283,142.15442091398
148100,増毛町,43.7881166386596,141.535770509821
148200,小平町,44.0585027925909,141.8396268424
148300,苫前町,44.2064302871756,141.836673608675
148400,羽幌町,44.3355580432847,141.883192677068
148500,初山別村,44.5065276375403,141.840614946587
148600,遠別町,44.6202046994209,141.933470989634
148700,天塩町,44.8796271892672,141.86155709944
151100,猿払村,45.2253755909344,142.112774486941
151200,浜頓別町,45.0757849795836,142.308321928749
151300,中頓別町,44.9134874152075,142.277878311303
151400,宗谷枝幸町,44.7744642978792,142.54287061247
151600,豊富町,45.1458163429387,141.791905287266
151700,礼文町,45.3751830158829,141.025668280363
151800,利尻町,45.1618022075682,141.196052836089
151900,利尻富士町,45.1888933911953,141.254500413462
152000,幌延町,45.0014335873826,141.952214668059
154300,美幌町,43.7546239514073,144.132772863221
154400,津別町,43.6075334324412,144.002881183443
154500,斜里町,43.977225430724,144.921076965537
154600,清里町,43.7330062404078,144.599755284455
154700,小清水町,43.8142458066824,144.456931884289
154900,訓子府町,43.7009800990933,143.732216307032
155000,置戸町,43.6320922270976,143.455249657859
155200,佐呂間町,44.0242845519287,143.784221765708
155500,遠軽町,43.9072169855919,143.311144931154
155900,湧別町,44.1275424777035,143.607599861646
156000,滝上町,44.1035034231612,143.012491576438
156100,興部町,44.3968436242724,143.091345644407
156200,西興部村,44.3205986560858,142.924193176104
156300,雄武町,44.5365035877003,142.832085591527
156400,大空町,43.8394745480547,144.247824154266
157100,豊浦町,42.6443322470777,140.652826086923
157500,壮瞥町,42.5744608105552,140.956694233098
157800,白老町,42.5876993615254,141.242648986372
158100,厚真町,42.7352066886151,141.95144925833
158400,洞爺湖町,42.625734104586,140.830830730402
158500,安平町,42.8135803918745,141.837832311224
158600,むかわ町,42.7583787770147,142.134539409825
160100,日高地方日高町,42.7273364286418,142.440934005877
160200,平取町,42.7032014593489,142.361083397182
160400,新冠町,42.5447627109978,142.483082159616
160700,浦河町,42.2899564406496,142.879665214643
160800,様似町,42.1579096279156,143.05677530122
160900,えりも町,42.0719035013015,143.221665238091
161000,新ひだか町,42.4294936709219,142.640307304274
163100,音更町,43.0425733372848,143.205354776124
163200,士幌町,43.1653958234801,143.261416712776
163300,上士幌町,43.385123407129,143.193230110405
163400,鹿追町,43.2145031903019,143.03471941749
163500,新得町,43.3174779631637,142.863729321201
163600,十勝清水町,42.9676538498856,142.882763005393
163700,芽室町,42.8577248514977,142.96039388598
163800,中札内村,42.6392985232906,142.971774290461
163900,更別村,42.6317912962895,143.203632964227
164100,十勝大樹町,42.5112977644644,143.167546229701
164200,広尾町,42.3277551838616,143.210069636069
164300,幕別町,42.7489958167121,143.317397917001
164400,十勝池田町,42.989295134252,143.463680984093
164500,豊頃町,42.7416510090172,143.486382754324
164600,本別町,43.1631235615599,143.553308540874
164700,足寄町,43.3747939456443,143.586726617589
164800,陸別町,43.5123695117127,143.687607745323
164900,浦幌町,42.9154169741089,143.679257938605
166100,釧路町,43.0155224580983,144.538912776803
166200,厚岸町,43.1250184698585,144.809531576531
166300,浜中町,43.1573549210085,145.088984937738
166400,標茶町,43.2936542440786,144.56038541402
166500,弟子屈町,43.5472480898255,144.399883448184
166700,鶴居村,43.250251959372,144.295497827882
166800,白糠町,43.1264734766333,143.96533753957
169100,別海町,43.3921494419389,145.017145856032
169200,中標津町,43.5813539807314,144.844926997131
169300,標津町,43.7379532767486,144.97094843492
169400,羅臼町,44.0391096447083,145.143749097637
220100,青森市,40.7700371002889,140.754210601341
220200,弘前市,40.6051213866413,140.3845954262
220300,八戸市,40.4739550885852,141.481233754877
220400,黒石市,40.6170902193529,140.704658314426
220500,五所川原市,40.9165834961388,140.469971900911
220600,十和田市,40.5668230285221,141.056990544619
220700,三沢市,40.7464418512257,141.38125793325
220800,むつ市,41.2909125976487,141.033262141262
220900,つがる市,40.8698848862145,140.349622149906
221000,平川市,40.5183309603624,140.700469509437
230100,平内町,40.9077013375678,140.956199351809
230300,今別町,41.1602698018269,140.516263215907
230400,蓬田村,40.9950318688102,140.596494083907
230700,外ヶ浜町,41.1207900524264,140.524406442855
232100,鰺ヶ沢町,40.6514730512314,140.186749780218
232300,深浦町,40.6048948721214,140.018285161069
234300,西目屋村,40.5108630291227,140.237031617481
236100,藤崎町,40.6752178845713,140.516456234138
236200,大鰐町,40.4840785361081,140.551399637902
236700,田舎館村,40.6420484966045,140.541650691418
238100,板柳町,40.7155197788387,140.481108025696
238400,鶴田町,40.7563981316815,140.421393949447
238700,中泊町,41.0489606724544,140.416524060268
240100,野辺地町,40.8845941466396,141.146363049009
240200,七戸町,40.7315989190816,141.07877207291
240500,六戸町,40.6276012012863,141.315379221905
240600,横浜町,41.06701208786,141.285012839668
240800,東北町,40.7955212694235,141.23472547454
241100,六ヶ所村,40.9568692872518,141.331047532733
241200,おいらせ町,40.6262029304282,141.401953100768
242300,大間町,41.4762465005826,140.927569653848
242400,東通村,41.2783167110936,141.351954490798
242500,風間浦村,41.4639711115707,141.014285697059
242600,佐井村,41.3527185576536,140.855158422461
244100,三戸町,40.3770705575688,141.175558545042
244200,五戸町,40.5081604959374,141.296716217301
244300,田子町,40.3091013935619,141.049963311885
244500,青森南部町,40.4222151115448,141.347028120404
244600,階上町,40.4304557965771,141.584220416987
245000,新郷村,40.4473077628344,141.107561254872
320100,盛岡市,39.7454618016809,141.269142398859
320200,宮古市,39.6293403836826,141.725630960242
320300,大船渡市,39.1069989341437,141.75020230527
320500,花巻市,39.4418759983918,141.167501514106
320600,北上市,39.3076603958843,141.007941099113
320700,久慈市,40.143650982247,141.659173394645
320800,遠野市,39.3647950530889,141.509216292977
320900,一関市,38.945079069246,141.229748519693
321000,陸前高田市,39.0408277632613,141.577022386575
321100,釜石市,39.287484744335,141.798544799185
321300,二戸市,40.2379882733697,141.195752241471
321400,八幡平市,40.0239063182927,140.991117732272
321500,奥州市,39.1296230069261,141.094779892713
321600,滝沢市,39.7903664861475,141.072593978259
330100,雫石町,39.7040025218606,140.913294438182
330200,葛巻町,40.0066636679746,141.43946908484
330300,岩手町,39.9533635676075,141.266014330009
332100,紫波町,39.5484193942513,141.158944285286
332200,矢巾町,39.611477051576,141.124210323682
336600,西和賀町,39.3908100578327,140.790815583124
338100,金ケ崎町,39.1939996082676,141.018055695818
340200,平泉町,38.9889188592292,141.10400596201
344100,住田町,39.1801196442444,141.550441863757
346100,大槌町,39.4260485788108,141.814087140098
348200,山田町,39.4842364937831,141.907415893484
348300,岩泉町,39.8486715103076,141.676544409511
348400,田野畑村,39.9246513022267,141.873147131311
348500,普代村,40.0026008183249,141.866813006709
350100,軽米町,40.3035400106212,141.488939171365
350300,野田村,40.0687730063082,141.795148100222
350600,九戸村,40.1962347444421,141.433460129812
350700,岩手洋野町,40.3263283616865,141.671287090711
352400,一戸町,40.1428131498013,141.279161557043
410100,仙台青葉区,38.3307544519811,140.702685774233
410200,仙台宮城野区,38.2739551251792,140.956292591789
410300,仙台若林区,38.22530218852,140.939557816853
410400,仙台太白区,38.2609830356686,140.679497522218
410500,仙台泉区,38.3537869240284,140.79975762173
420200,石巻市,38.4790907009566,141.372146457255
420300,塩竈市,38.3265156437904,141.039908943734
420500,気仙沼市,38.8760280981457,141.534876782169
420600,白石市,37.99691378543,140.579428759063
420700,名取市,38.1672945470406,140.866655999535
420800,角田市,37.9882800788211,140.779019573505
420900,多賀城市,38.2953578395801,140.999096380137
421100,岩沼市,38.1093029691946,140.874444419229
421200,登米市,38.685835296052,141.25743956034
421300,栗原市,38.8089542275613,140.940333177483
421400,東松島市,38.4108989668652,141.177165024282
421500,大崎市,38.6800566232375,140.846679090905
421600,富谷市,38.3795974283162,140.901353239636
430100,蔵王町,38.1064375026533,140.591328146785
430200,七ヶ宿町,38.0175284456733,140.406061826537
432100,大河原町,38.0520914927985,140.715121191769
432200,村田町,38.1272160910092,140.730119936503
432300,柴田町,38.0857505137517,140.787711000806
432400,宮城川崎町,38.1986157516527,140.591388295309
434100,丸森町,37.8734780426716,140.7552160191
436100,亘理町,38.0413748379556,140.874142704804
436200,山元町,37.9457290423773,140.88556393363
440100,松島町,38.4034275453978,141.075957605852
440400,七ヶ浜町,38.3001846851767,141.059919470748
440600,利府町,38.3425091728418,140.986554984558
442100,大和町,38.4329484889805,140.818174526997
442200,大郷町,38.4343092670689,141.000053629655
442400,大衡村,38.4798203445505,140.871820245482
444400,色麻町,38.5204941423157,140.779938279404
444500,宮城加美町,38.5942663944934,140.696913999569
450100,涌谷町,38.5592297381337,141.153633138742
450500,宮城美里町,38.5201612947226,141.092962596147
458100,女川町,38.4420152127261,141.455641927951
460600,南三陸町,38.6847452941385,141.452048359719
520100,秋田市,39.7104351073717,140.232058394859
520200,能代市,40.2028944045511,140.144850138648
520300,横手市,39.283691483416,140.544308620462
520400,大館市,40.2901209005962,140.554641853552
520600,男鹿市,39.9379048479195,139.836089670785
520700,湯沢市,39.0365862475537,140.542663981561
520900,鹿角市,40.2103595117815,140.830288549776
521000,由利本荘市,39.2933680837185,140.164975386998
521100,潟上市,39.8720987637974,140.049091623655
521200,大仙市,39.5371001061092,140.441377581975
521300,北秋田市,40.0551232055647,140.46464179424
521400,にかほ市,39.19678368786,139.973034396048
521500,仙北市,39.7605182184239,140.668558253843
530300,小坂町,40.3992253988483,140.779699609405
532700,上小阿仁村,39.9620235238419,140.318589737059
534600,藤里町,40.3593593815546,140.250880224507
534800,三種町,40.0706818275543,140.106776754121
534900,八峰町,40.3625571035434,140.068402280718
536100,五城目町,39.9267417439019,140.203842657382
536300,八郎潟町,39.9591439157805,140.080714562041
536600,井川町,39.8954133808398,140.120314982774
536800,大潟村,40.0015303426432,140.002114773596
543400,秋田美郷町,39.4284318794277,140.595915435336
546300,羽後町,39.1839853686706,140.350011760476
546400,東成瀬村,39.1021002952896,140.727812607734
620100,山形市,38.2461031470896,140.36893875774
620200,米沢市,37.8472767771786,140.116506480972
620300,鶴岡市,38.5850704827012,139.808381534873
620400,酒田市,38.9249071284226,139.98426280466
620500,新庄市,38.7881923707575,140.339881319568
620600,寒河江市,38.434469072582,140.231686935722
620700,上山市,38.1257875627503,140.305505776267
620800,村山市,38.5167198350918,140.335175057442
620900,長井市,38.1374083444394,139.981837920689
621000,天童市,38.3581961651551,140.396512187363
621100,東根市,38.4255949228794,140.466688913623
621200,尾花沢市,38.59362622339,140.476801498577
621300,南陽市,38.1031968322092,140.156080157251
630100,山辺町,38.2802259682512,140.214933188422
630200,中山町,38.3309787790375,140.259726017007
632100,河北町,38.4301790383036,140.30099749997
632200,西川町,38.4249306625251,140.023519284905
632300,山形朝日町,38.2804748324676,140.06536218217
632400,大江町,38.3547613007497,140.085514081598
634100,大石田町,38.5976689313535,140.336070615993
636100,山形金山町,38.9028772717371,140.371674727911
636200,最上町,38.7682342064863,140.526874525826
636300,舟形町,38.679680017389,140.325680586828
636400,真室川町,38.9560706007615,140.243636161264
636500,大蔵村,38.5940035139646,140.171912485398
636600,鮭川村,38.8260684423346,140.196854884102
636700,戸沢村,38.7192189131224,140.121990845461
638100,高畠町,37.9904219037968,140.215879040448
638200,山形川西町,37.9717401939538,140.023569975883
640100,山形小国町,38.040785164248,139.774850613951
640200,白鷹町,38.2005523867844,140.082597803819
640300,飯豊町,37.9383257566365,139.897109816442
642600,三川町,38.7952218900068,139.85018467507
642800,庄内町,38.7055414958411,140.000989452733
646100,遊佐町,39.0583985167668,139.951659674992
720100,福島市,37.786432406904,140.388485431642
720200,会津若松市,37.4507124075462,139.96813679413
720300,郡山市,37.4127724624461,140.295063121754
720400,いわき市,37.0776689057693,140.786067320101
720500,白河市,37.122259633584,140.249624526988
720700,須賀川市,37.2934302172135,140.316904743228
720800,喜多方市,37.7030251087772,139.843866075459
720900,相馬市,37.7819350762648,140.873203971329
721000,二本松市,37.5840240272978,140.495422258562
721100,田村市,37.4235557499575,140.67151790986
721200,南相馬市,37.631085999932,140.92850807241
721300,福島伊達市,37.7995227609299,140.614321080464
721400,本宮市,37.5048018669517,140.418824430927
730100,桑折町,37.8588608836237,140.505858900225
730300,国見町,37.8887592892155,140.551131539422
730800,川俣町,37.6437713974326,140.628329849632
732200,大玉村,37.5585878891102,140.334443250648
734200,鏡石町,37.2445709449425,140.3517019367
734400,天栄村,37.2613740056512,140.087778190235
736200,下郷町,37.2565654513387,139.87961105637
736400,檜枝岐村,37.032395325836,139.332456036419
736700,只見町,37.291451218683,139.347814512303
736800,南会津町,37.1367610137639,139.60622581452
740200,北塩原村,37.6897973111095,140.048478200803
740500,西会津町,37.6355584372788,139.647972927919
740700,磐梯町,37.5783489511738,140.00577436326
740800,猪苗代町,37.5945144897705,140.155987376613
742100,会津坂下町,37.568852456514,139.800640343599
742200,湯川村,37.5672886294735,139.88226384512
742300,柳津町,37.4566722904738,139.708811497379
744400,三島町,37.4418826531267,139.63805423864
744500,福島金山町,37.4335702010481,139.486922338685
744600,福島昭和村,37.3090893012477,139.636597214402
744700,会津美里町,37.4086220144763,139.813159793242
746100,西郷村,37.1659224330949,140.093556465557
746400,泉崎村,37.1586041419701,140.295096570397
746500,中島村,37.1484165754861,140.365530126569
746600,矢吹町,37.1939094018024,140.34701678656
748100,棚倉町,37.002508534115,140.343028601338
748200,矢祭町,36.8630268157558,140.428885131973
748300,塙町,36.9264461031641,140.458571483412
748400,鮫川村,37.0123897175177,140.510691896936
750100,石川町,37.1455458331081,140.461327260338
750200,玉川村,37.2166535458316,140.44997392512
750300,平田村,37.2110767463153,140.557310746082
750400,浅川町,37.0811643116871,140.425863673001
750500,古殿町,37.089998906612,140.583584998417
752100,三春町,37.4409255093006,140.496427186471
752200,小野町,37.2862813776082,140.612559449094
754100,福島広野町,37.2198332015227,140.952525670176
754200,楢葉町,37.2817373553254,140.948938223999
754300,富岡町,37.3492278987437,140.974332179811
754400,川内村,37.3322810439787,140.810323443752
754500,大熊町,37.4011466597627,140.94852240269
754600,双葉町,37.4435743508724,140.975823766759
754700,浪江町,37.5169346980586,140.864312560422
754800,葛尾村,37.5090419370547,140.776991584811
756100,新地町,37.8669767236309,140.900415891775
756400,飯舘村,37.6781618216551,140.748328734665
820100,水戸市,36.3705376487886,140.4355819773
820200,日立市,36.624925472118,140.618747875708
820300,土浦市,36.0982632717523,140.194774058511
820400,茨城古河市,36.1797553601171,139.775335788702
820500,石岡市,36.2278400080177,140.217754089002
820700,結城市,36.2612715705709,139.864025097898
820800,龍ケ崎市,35.9224964075925,140.185260256526
821000,下妻市,36.1874377725565,139.966413990113
821100,常総市,36.0640933369943,139.963960181734
821200,常陸太田市,36.6483666205125,140.505348789196
821400,高萩市,36.7691886175991,140.62092794623
821500,北茨城市,36.8398682136447,140.687393615317
821600,笠間市,36.3565128325277,140.269342361523
821700,取手市,35.9128662840718,140.080080410871
821900,牛久市,35.9717512756403,140.185768878949
822000,つくば市,36.1053225756543,140.081734513002
822100,ひたちなか市,36.3959691529167,140.557883293066
822200,茨城鹿嶋市,35.9999321447046,140.621794268162
822300,潮来市,35.9615780716922,140.562161166252
822400,守谷市,35.9479725937404,139.975418496097
822500,常陸大宮市,36.6137097499141,140.339890774301
822600,那珂市,36.4683772289101,140.475967621539
822700,筑西市,36.2893894918665,139.986913983542
822800,坂東市,36.0638407156821,139.887858891764
822900,稲敷市,35.9486279981171,140.371997474653
823000,かすみがうら市,36.10985629821,140.299318551562
823100,桜川市,36.3274663178609,140.107908293863
823200,神栖市,35.8512599354283,140.711697873846
823300,行方市,36.0660754098726,140.468215717848
823400,鉾田市,36.1734197434572,140.519898876418
823500,つくばみらい市,35.982015950196,140.038110897743
823600,小美玉市,36.203955662979,140.359794904529
830200,茨城町,36.2804697946114,140.434089391565
830900,大洗町,36.2973541719583,140.554448642388
831000,城里町,36.4797479542061,140.309440715285
834100,東海村,36.4607205266655,140.580623934816
836400,大子町,36.7979997952046,140.345606953007
844200,美浦村,36.0183889437573,140.332174713948
844300,阿見町,36.0141249985653,140.225459251884
844700,河内町,35.8827344310103,140.279789769061
852100,八千代町,36.1783943190616,139.89371489306
854200,五霞町,36.108029172098,139.748581099651
854600,境町,36.1101538102045,139.810891561972
856400,利根町,35.8661327812035,140.167959152604
920100,宇都宮市,36.5968832518923,139.886565427021
920200,足利市,36.3593170062958,139.452997210054
920300,栃木市,36.3729225749765,139.689499646755
920400,佐野市,36.4240678266723,139.535772424918
920500,鹿沼市,36.5755060566515,139.641479303728
920600,日光市,36.8188443376043,139.581170641559
920800,小山市,36.308003346206,139.801939879095
920900,真岡市,36.4248868883755,139.996837254059
921000,大田原市,36.861294772139,140.119144386488
921100,矢板市,36.8274691520414,139.898085443043
921300,那須塩原市,36.9908502679243,139.910514405149
921400,栃木さくら市,36.7236253042787,140.002887041748
921500,那須烏山市,36.6627050273067,140.134040720273
921600,下野市,36.4019638558058,139.861307665146
930100,上三川町,36.445505060934,139.910601656845
934200,益子町,36.4603366865807,140.10989800219
934300,茂木町,36.5216587121236,140.18993585525
934400,市貝町,36.5590158849655,140.104299257497
934500,芳賀町,36.5519897598604,140.040568228672
936100,壬生町,36.4575351634318,139.804958307306
936400,野木町,36.228886874689,139.737852036407
938400,塩谷町,36.7964720195685,139.815177629892
938600,高根沢町,36.6301058108206,140.016788596987
940700,那須町,37.0428918782756,140.09252903783
941100,栃木那珂川町,36.7541723895067,140.183453986823
1020100,前橋市,36.432131718214,139.127512821209
1020200,高崎市,36.3763695527754,138.900861723012
1020300,桐生市,36.4837480136796,139.30605332062
1020400,伊勢崎市,36.3212608918861,139.21822013556
1020500,太田市,36.3060132213048,139.339240330067
1020600,沼田市,36.6737189124322,139.183516233328
1020700,館林市,36.245977424935,139.53531651063
1020800,渋川市,36.5291342471235,139.014508948311
1020900,藤岡市,36.1921310587069,138.999173241974
1021000,富岡市,36.2585188864927,138.84617872429
1021100,安中市,36.3407928843948,138.776458127503
1021200,みどり市,36.5304421752345,139.347268320565
1034400,榛東村,36.4431575256956,138.956652166217
1034500,吉岡町,36.449981655908,138.998153589587
1036600,群馬上野村,36.0652805343323,138.720134528072
1036700,神流町,36.1116812349366,138.865657748659
1038200,下仁田町,36.2271438282464,138.722808121592
1038300,群馬南牧村,36.1617401077187,138.685665583718
1038400,甘楽町,36.209911047989,138.90327258832
1042100,中之条町,36.6545256006757,138.721927981613
1042400,長野原町,36.5050655309891,138.625994395092
1042500,嬬恋村,36.5149569243728,138.493491603216
1042600,草津町,36.6194537051896,138.571369600727
1042800,群馬高山村,36.6219059509954,138.941668446856
1042900,東吾妻町,36.5264191697547,138.785194928518
1044300,片品村,36.8415785830733,139.260751056057
1044400,川場村,36.7310312659432,139.129337807649
1044800,群馬昭和村,36.6126255146948,139.100808660261
1044900,みなかみ町,36.8322929991557,139.004906679755
1046400,玉村町,36.3021736756698,139.126295072076
1052100,板倉町,36.2288289189576,139.620174361349
1052200,群馬明和町,36.2069180874796,139.534189555767
1052300,千代田町,36.2130009369339,139.450141253521
1052400,大泉町,36.2497233871045,139.407023851678
1052500,邑楽町,36.2551021585572,139.461286862468
1110100,さいたま西区,35.9093105538868,139.575004968541
1110200,さいたま北区,35.9392442063349,139.614853137509
1110300,さいたま大宮区,35.9066519515678,139.624119514769
1110400,さいたま見沼区,35.9270449889109,139.666282061304
1110500,さいたま中央区,35.8813323593169,139.624674270641
1110600,さいたま桜区,35.8601332171878,139.607305818643
1110700,さいたま浦和区,35.8732399366567,139.65323587611
1110800,さいたま南区,35.8461401367544,139.66038024152
1110900,さいたま緑区,35.8844831609803,139.701256872393
1111000,さいたま岩槻区,35.9444220680665,139.713215708505
1120100,川越市,35.9114975361583,139.479234923418
1120200,熊谷市,36.1602851531293,139.37255013775
1120300,川口市,35.8331419618841,139.733052972984
1120600,行田市,36.1480178708165,139.469910842911
1120700,秩父市,35.9596639290704,138.933458324237
1120800,所沢市,35.7994622102322,139.457874568421
1120900,飯能市,35.8881804852604,139.220094457339
1121000,加須市,36.1366048440456,139.620023412067
1121100,本庄市,36.1992567150887,139.146257255268
1121200,東松山市,36.0318375583416,139.391371673668
1121400,春日部市,35.9827020434683,139.775729268806
1121500,狭山市,35.8588259481564,139.420778912368
1121600,羽生市,36.1725100805109,139.553375895565
1121700,鴻巣市,36.0788608763931,139.503477273812
1121800,深谷市,36.180381428952,139.265305526421
1121900,上尾市,35.970434194132,139.581582160761
1122100,草加市,35.8386889080725,139.802154861688
1122200,越谷市,35.9010848978995,139.790219944164
1122300,蕨市,35.8244485644784,139.686111947159
1122400,戸田市,35.8147710484983,139.656977801961
1122500,入間市,35.8180103604886,139.367559017502
1122700,朝霞市,35.8091869906653,139.597313181927
1122800,志木市,35.836990200603,139.583459093415
1122900,和光市,35.7893474894003,139.619810691651
1123000,新座市,35.789427845598,139.55961674243
1123100,桶川市,36.0030309477592,139.549985274119
1123200,久喜市,36.0770807984126,139.64950492532
1123300,北本市,36.0261519996258,139.530424418878
1123400,八潮市,35.8193309886406,139.839410797839
1123500,富士見市,35.8544762913645,139.554470338205
1123700,三郷市,35.8322152981637,139.871842382173
1123800,蓮田市,36.0014704774831,139.649805235701
1123900,坂戸市,35.9635571405357,139.400237550958
1124000,幸手市,36.0708108599591,139.740209369461
1124100,鶴ヶ島市,35.9357115962299,139.394552306051
1124200,日高市,35.8964852175943,139.339278284307
1124300,吉川市,35.8951279236667,139.860888733736
1124500,ふじみ野市,35.8650548596399,139.515227519036
1124600,白岡市,36.0241508153619,139.667583027975
1130100,伊奈町,35.9978464481038,139.620027039594
1132400,埼玉三芳町,35.8329081426248,139.515828532785
1132600,毛呂山町,35.9350123088031,139.30733402249
1132700,越生町,35.9606065026502,139.266056193348
1134100,滑川町,36.0703899217117,139.355951304949
1134200,嵐山町,36.0564304164402,139.314884907925
1134300,小川町,36.054746538263,139.248802323727
1134600,川島町,35.9839961190934,139.484050273155
1134700,吉見町,36.0443197266546,139.455285587814
1134800,鳩山町,35.9877617197338,139.333847614966
1134900,ときがわ町,35.9989379869468,139.241348202212
1136100,横瀬町,35.9688536757466,139.129051745238
1136200,皆野町,36.0784444512791,139.090881697847
1136300,長瀞町,36.1175191906133,139.116844552076
1136500,小鹿野町,36.0215498322994,138.929225975245
1136900,東秩父村,36.046245778614,139.182429280977
1138100,埼玉美里町,36.1717409640458,139.173622459768
1138300,埼玉神川町,36.1608778188356,139.057684980013
1138500,上里町,36.2506193662912,139.135060029186
1140800,寄居町,36.1113236557739,139.202804539607
1144200,宮代町,36.0226534817028,139.716617231586
1146400,杉戸町,36.0341053539096,139.754700591509
1146500,松伏町,35.9364131931304,139.825542664674
1210100,千葉中央区,35.5843504117515,140.129400628164
1210200,千葉花見川区,35.6763585663367,140.091405652307
1210300,千葉稲毛区,35.6486029599293,140.113111848043
1210400,千葉若葉区,35.6104013267621,140.205065495207
1210500,千葉緑区,35.5445793109736,140.229466178832
1210600,千葉美浜区,35.6335518141555,140.061597801861
1220200,銚子市,35.7430378919702,140.775512332885
1220300,市川市,35.7186497654154,139.932935095437
1220400,船橋市,35.7264428848685,140.018868798748
1220500,館山市,34.9715655695901,139.861622328511
1220600,木更津市,35.3698191948684,139.987449715208
1220700,松戸市,35.7957433597401,139.92906969409
1220800,野田市,35.9851657972204,139.862144401443
1221000,茂原市,35.44981369313,140.301622840926
1221100,成田市,35.8154763159835,140.357558100258
1221200,千葉佐倉市,35.7061905854597,140.21325506364
1221300,東金市,35.5651769819763,140.367059542906
1221500,旭市,35.7344393782694,140.655481784432
1221600,習志野市,35.6809171568021,140.034174521423
1221700,柏市,35.8601759792331,139.993853126373
1221800,勝浦市,35.1751239734005,140.267573583579
1221900,市原市,35.4248457499104,140.137240509746
1222000,流山市,35.8733731761798,139.914090401644
1222100,八千代市,35.7392120178971,140.10501268863
1222200,我孫子市,35.8694708253727,140.065091627162
1222300,鴨川市,35.129824802736,140.077677359715
1222400,鎌ケ谷市,35.7728985888916,139.998820749649
1222500,君津市,35.2630378743693,140.024051325363
1222600,富津市,35.2259674381448,139.900537297796
1222700,浦安市,35.642501342904,139.901906404781
1222800,四街道市,35.6716789589137,140.17910909174
1222900,袖ケ浦市,35.4164197318623,140.017699960893
1223000,八街市,35.6424157653048,140.296854416422
1223100,印西市,35.7979613902424,140.180334912034
1223200,白井市,35.8016453432488,140.060038587979
1223300,富里市,35.7202405385078,140.340795940156
1223400,南房総市,35.0365794032473,139.92845803641
1223500,匝瑳市,35.6998383289911,140.553656412364
1223600,香取市,35.8534762733924,140.539935394045
1223700,山武市,35.6239778933733,140.420784564735
1223800,いすみ市,35.2777725602695,140.343343707923
1223900,大網白里市,35.5127956627383,140.342937788004
1232200,酒々井町,35.7292832376354,140.278033590072
1232900,栄町,35.8440390452173,140.242660770923
1234200,神崎町,35.8862415565997,140.408404809789
1234700,多古町,35.7570706714024,140.471106138652
1234900,東庄町,35.8136526735769,140.673166810108
1240300,九十九里町,35.5333505440614,140.433632923845
1240900,芝山町,35.7215466061295,140.410197811467
1241000,横芝光町,35.6608270722679,140.494739996122
1242100,一宮町,35.3615192252449,140.370856498402
1242200,睦沢町,35.3528047677858,140.302245036734
1242300,長生村,35.4070841397708,140.357936491787
1242400,白子町,35.4499919338845,140.379616356644
1242600,長柄町,35.445897999654,140.213381947249
1242700,長南町,35.3751974546919,140.243004836665
1244100,大多喜町,35.2428872445125,140.213846131314
1244300,御宿町,35.1964117257265,140.340712811496
1246300,鋸南町,35.132417252729,139.871911092647
1310100,東京千代田区,35.6876392788568,139.75468090087
1310200,東京中央区,35.6699350274536,139.777038843073
1310300,東京港区,35.6514915415365,139.739745714087
1310400,東京新宿区,35.7010688234628,139.70897161722
1310500,東京文京区,35.7174565955148,139.747281459894
1310600,東京台東区,35.7154826954733,139.785983768894
1310700,東京墨田区,35.712210183057,139.815471771315
1310800,東京江東区,35.659398139362,139.814285083433
1310900,東京品川区,35.6097042048665,139.733546716976
1311000,東京目黒区,35.6299735193727,139.688230178896
1311100,東京大田区,35.5664834015806,139.734628837653
1311200,東京世田谷区,35.6397106419675,139.635070261666
1311300,東京渋谷区,35.66788396563,139.696273592214
1311400,東京中野区,35.7109184860206,139.662472476908
1311500,東京杉並区,35.6968113825389,139.625420769983
1311600,東京豊島区,35.7315291622553,139.711630294362
1311700,東京北区,35.7658986877648,139.728917423578
1311800,東京荒川区,35.7399318475965,139.781286777436
1311900,東京板橋区,35.7725755893317,139.67646110659
1312000,東京練馬区,35.7478491024964,139.617667962841
1312100,東京足立区,35.7788081380226,139.795078511129
1312200,東京葛飾区,35.7532486105695,139.85566688911
1312300,東京江戸川区,35.6924206376333,139.875666110096
1320100,八王子市,35.6598391349798,139.287647963721
1320200,立川市,35.7144765633296,139.40452242204
1320300,武蔵野市,35.7081388485621,139.561617509894
1320400,三鷹市,35.6846673898315,139.560383390073
1320500,青梅市,35.8035882628657,139.24196877379
1320600,東京府中市,35.6704986106064,139.483154511823
1320700,昭島市,35.707826854924,139.364170031031
1320800,調布市,35.6576853156909,139.552182118842
1320900,町田市,35.5762688945685,139.429972516332
1321000,小金井市,35.7010884418568,139.511035815632
1321100,小平市,35.7273869543006,139.481718122153
1321200,日野市,35.6633337072891,139.398643242427
1321300,東村山市,35.7592321511942,139.472433462872
1321400,国分寺市,35.705523105311,139.461242591299
1321500,国立市,35.6863417475434,139.438768312474
1321800,福生市,35.7358160734892,139.336367820525
1321900,狛江市,35.6348723098134,139.577221847258
1322000,東大和市,35.7503128017977,139.426594742766
1322100,清瀬市,35.7814445251626,139.522211103858
1322200,東久留米市,35.7538768190084,139.519859153722
1322300,武蔵村山市,35.7503707172655,139.383897951202
1322400,多摩市,35.6305400765888,139.43975298867
1322500,稲城市,35.6329093672136,139.492903321375
1322700,羽村市,35.7640217728473,139.31540625684
1322800,あきる野市,35.7328550187435,139.225238268192
1322900,西東京市,35.734858191023,139.546230680003
1330300,瑞穂町,35.7742599530027,139.349270898852
1330500,日の出町,35.7587193007001,139.226373107048
1330700,檜原村,35.725007612671,139.104489781874
1330800,奥多摩町,35.8225728563092,139.055466657764
1336100,伊豆大島町,34.737504801755,139.398860680118
1336200,東京利島村,34.5226397917672,139.279258675522
1336300,新島村,34.3712720686983,139.259379898653
1336400,神津島村,34.2141240116488,139.14756016141
1338100,三宅村,34.0848936361086,139.521111977334
1338200,御蔵島村,33.8746669545781,139.603048257413
1340100,八丈町,33.1072082325413,139.793260113859
1340200,青ヶ島村,32.4573505570155,139.766454702728
1342100,小笠原村,26.4684789419563,142.005446132563
1410100,横浜鶴見区,35.5001070224152,139.67808343148
1410200,横浜神奈川区,35.4856440194028,139.618752282755
1410300,横浜西区,35.4567706527035,139.618588513172
1410400,横浜中区,35.4293621694563,139.657346844295
1410500,横浜南区,35.4284801008908,139.601910853552
1410600,横浜保土ケ谷区,35.4611381188558,139.578251581614
1410700,横浜磯子区,35.3923829808145,139.61407017446
1410800,横浜金沢区,35.3486613743958,139.623235313514
1410900,横浜港北区,35.528041276578,139.622869896649
1411000,横浜戸塚区,35.4032794408045,139.531229646544
1411100,横浜港南区,35.3941769818282,139.578260525382
1411200,横浜旭区,35.4765643259736,139.527468719933
1411300,横浜緑区,35.5155021447915,139.526229068129
1411400,横浜瀬谷区,35.4688547617203,139.488004155864
1411500,横浜栄区,35.3619478331885,139.556817335321
1411600,横浜泉区,35.4207021455924,139.499284677839
1411700,横浜青葉区,35.5589530562327,139.524023460755
1411800,横浜都筑区,35.5401744442027,139.57764660611
1413100,川崎川崎区,35.514030949813,139.739394641529
1413200,川崎幸区,35.5451673047988,139.680026985874
1413300,川崎中原区,35.5746787729811,139.652906365273
1413400,川崎高津区,35.5922241822697,139.615285496517
1413500,川崎多摩区,35.61851237383,139.550596746768
1413600,川崎宮前区,35.5861776618586,139.578397994542
1413700,川崎麻生区,35.5990972791007,139.498709704491
1415100,相模原緑区,35.5701489928259,139.195872082357
1415200,相模原中央区,35.5625128423389,139.366687796647
1415300,相模原南区,35.5267674342239,139.406681314763
1420100,横須賀市,35.2498434169831,139.660349121916
1420300,平塚市,35.3509919522746,139.320122292506
1420400,鎌倉市,35.3300034259596,139.537972806972
1420500,藤沢市,35.3681463258724,139.458980394994
1420600,小田原市,35.2629508577492,139.144143466505
1420700,茅ヶ崎市,35.3442929349976,139.409571444876
1420800,逗子市,35.2990073456312,139.591247262824
1421000,三浦市,35.1674569447704,139.640912666956
1421100,秦野市,35.400152683799,139.203034856484
1421200,厚木市,35.4651364409069,139.327061866654
1421300,大和市,35.473787440919,139.456513365685
1421400,伊勢原市,35.4101149612172,139.29202442104
1421500,海老名市,35.4376208602895,139.393059884139
1421600,座間市,35.487526053812,139.409237434956
1421700,南足柄市,35.3099161599533,139.070150575982
1421800,綾瀬市,35.439959487803,139.430883226169
1430100,葉山町,35.2712560156872,139.600588030512
1432100,寒川町,35.3755813844812,139.385584906894
1434100,大磯町,35.3167056778766,139.288651965647
1434200,二宮町,35.3078823870787,139.249547184389
1436100,中井町,35.3360837247785,139.215173227803
1436200,神奈川大井町,35.3350248256861,139.16535249196
1436300,松田町,35.3921697006304,139.130822192783
1436400,山北町,35.4247822858352,139.045393931269
1436600,開成町,35.3350162075324,139.124907908659
1438200,箱根町,35.2322659956221,139.031410322426
1438300,真鶴町,35.1655675979329,139.133420345176
1438400,湯河原町,35.1662360245608,139.079012769572
1440100,愛川町,35.5288352078574,139.29905757268
1440200,清川村,35.4870692793458,139.228963731045
1510100,新潟北区,37.923170087242,139.198806868517
1510200,新潟東区,37.9279364805651,139.106051448107
1510300,新潟中央区,37.9040315394522,139.048453033799
1510400,新潟江南区,37.863097629413,139.105890862543
1510500,新潟秋葉区,37.7859893603118,139.111448973247
1510600,新潟南区,37.7684032675076,139.022593368313
1510700,新潟西区,37.8481025681968,138.951629468841
1510800,新潟西蒲区,37.7598504197898,138.896287938032
1520200,長岡市,37.43437868498,138.856964661456
1520400,三条市,37.5406857322198,139.089818962645
1520500,柏崎市,37.3236651536383,138.599269968613
1520600,新発田市,37.9073295696735,139.42784849935
1520800,小千谷市,37.2913007671628,138.800540074396
1520900,加茂市,37.6220972781157,139.110674134302
1521000,十日町市,37.0908000625539,138.702012843222
1521100,見附市,37.5277737632995,138.931894742648
1521200,村上市,38.3102337162635,139.617321409599
1521300,燕市,37.6654153763082,138.886186943723
1521600,糸魚川市,36.9662643277104,137.894015735474
1521700,妙高市,36.9322796817926,138.187650254614
1521800,五泉市,37.6564361063908,139.226335850948
1522200,上越市,37.1201958998574,138.337446808397
1522300,阿賀野市,37.8142034505987,139.259131886562
1522400,佐渡市,38.0443952706501,138.389834987216
1522500,魚沼市,37.2208809736947,139.097942277655
1522600,南魚沼市,37.0558721922435,138.937341112689
1522700,胎内市,38.005876720385,139.480522654976
1530700,聖籠町,37.983456599362,139.266224343635
1534200,弥彦村,37.6907507280925,138.837510274718
1536100,田上町,37.7011465938658,139.070331780928
1538500,阿賀町,37.665046212632,139.46410138774
1540500,出雲崎町,37.5265542768031,138.714721603198
1546100,湯沢町,36.8557388474654,138.800658863521
1548200,津南町,36.9709615437378,138.641715612125
1550400,刈羽村,37.4234229385199,138.640453799865
1558100,関川村,38.0642706838284,139.601146454928
1558600,粟島浦村,38.4626076205301,139.240331862145
1620100,富山市,36.5465260304914,137.299360081631
1620200,高岡市,36.739993511768,136.966479946685
1620400,魚津市,36.7598118636429,137.491440345438
1620500,氷見市,36.8649478754854,136.942837623059
1620600,滑川市,36.7518215849884,137.382204563387
1620700,黒部市,36.7688031361103,137.616247237192
1620800,砺波市,36.6186889775988,136.990689631148
1620900,小矢部市,36.6623347279545,136.854825999436
1621000,南砺市,36.4532378846001,136.91957342038
1621100,射水市,36.7237977019353,137.088223618876
1632100,舟橋村,36.7008755608325,137.306565494114
1632200,上市町,36.6605980243095,137.476506015211
1632300,立山町,36.6016103527236,137.51191068928
1634200,入善町,36.9119498804273,137.512309433072
1634300,富山朝日町,36.8922463682935,137.650393097585
1720100,金沢市,36.5193243760075,136.708187863377
1720200,七尾市,37.0784409544337,136.928615102667
1720300,小松市,36.3110675657341,136.498403889485
1720400,輪島市,37.3375524135161,136.887565264009
1720500,珠洲市,37.4553346478706,137.225857565285
1720600,加賀市,36.2550309986281,136.379616637696
1720700,羽咋市,36.9113668520004,136.816246578006
1720900,かほく市,36.7436581358429,136.732721641108
1721000,白山市,36.2755881915283,136.669653315478
1721100,能美市,36.4359350609582,136.544552647945
1721200,野々市市,36.5252029233456,136.605604857988
1732400,川北町,36.4692204267958,136.536601316271
1736100,津幡町,36.6928552627957,136.768839651052
1736500,内灘町,36.664166050486,136.657469177564
1738400,志賀町,37.0891899330096,136.771498659395
1738600,宝達志水町,36.8260189599134,136.803702970851
1740700,中能登町,36.9710461964252,136.897549346452
1746100,穴水町,37.2353045003231,136.936159824825
1746300,能登町,37.3300741346517,137.095272925098
1820100,福井市,36.0424424739191,136.218202140917
1820200,敦賀市,35.6373329106647,136.080659508604
1820400,小浜市,35.4688289246454,135.748123962826
1820500,大野市,35.9083784996439,136.616955593255
1820600,勝山市,36.0844026882891,136.521767808287
1820700,鯖江市,35.959322939046,136.218340235623
1820800,あわら市,36.2277761286373,136.251531967129
1820900,越前市,35.8894677610897,136.177220770386
1821000,福井坂井市,36.1640642408363,136.255432714834
1832200,永平寺町,36.0779320488053,136.354952992329
1838200,福井池田町,35.8684541343403,136.368104657903
1840400,南越前町,35.7720918395756,136.21329884945
1842300,越前町,35.958983953428,136.056369666675
1844200,福井美浜町,35.5969127590344,135.974426094891
1848100,高浜町,35.4921541639607,135.515460256579
1848300,福井おおい町,35.4147528549627,135.6328331689
1850100,福井若狭町,35.5118083998426,135.880586257406
1920100,甲府市,35.6972319007952,138.587705410228
1920200,富士吉田市,35.4391569911318,138.793671162
1920400,都留市,35.5366086627543,138.914885551385
1920500,山梨市,35.796915980462,138.69741862058
1920600,大月市,35.6428556096998,138.91991754235
1920700,韮崎市,35.7177228027137,138.411994181594
1920800,南アルプス市,35.6506589773157,138.354118672882
1920900,山梨北杜市,35.8371771185809,138.393746734175
1921000,甲斐市,35.7170017098834,138.518442240671
1921100,笛吹市,35.5995549077046,138.680662149801
1921200,上野原市,35.6342390705583,139.063778314444
1921300,甲州市,35.7264990503867,138.791771973881
1921400,中央市,35.5841890790118,138.541089817245
1934600,市川三郷町,35.5324522793135,138.513220220601
1936400,早川町,35.4673541069562,138.309388070703
1936500,身延町,35.415176177071,138.467820999885
1936600,山梨南部町,35.2593178690898,138.461748909208
1936800,富士川町,35.5433358435042,138.402718660513
1938400,昭和町,35.6279254479803,138.533397924857
1942200,道志村,35.5059365709389,139.01301820364
1942300,西桂町,35.5309312289231,138.835711544379
1942400,忍野村,35.459625186893,138.856033911689
1942500,山中湖村,35.423024941844,138.877456600888
1942900,鳴沢村,35.4278106022273,138.698252249547
1943000,富士河口湖町,35.4870310031149,138.687925149975
1944200,小菅村,35.747740535771,138.94277065674
1944300,丹波山村,35.8014722092475,138.905854410281
2020100,長野市,36.644026807898,138.101842730177
2020200,松本市,36.2015490248281,137.814126622779
2020300,上田市,36.3835247024268,138.241851353296
2020400,岡谷市,36.0791774630167,138.048042320019
2020500,飯田市,35.4397914970307,137.913516131716
2020600,諏訪市,36.0289989792508,138.11355839934
2020700,須坂市,36.6099698545259,138.348809912586
2020800,小諸市,36.3390536103043,138.43502267364
2020900,伊那市,35.7907915288426,138.07400689419
2021000,駒ヶ根市,35.7277065562869,137.947824042305
2021100,中野市,36.7694021363535,138.347162011823
2021200,大町市,36.5056348418095,137.781513373185
2021300,飯山市,36.9125002633392,138.383440078362
2021400,茅野市,36.0252266119351,138.246670058711
2021500,塩尻市,36.0381152541107,137.900319532294
2021700,佐久市,36.2157739096247,138.445285321219
2021800,千曲市,36.5062408817589,138.123507126555
2021900,東御市,36.3738719235143,138.368652194392
2022000,安曇野市,36.3279512056453,137.840096033313
2030300,小海町,36.0686650100805,138.459250819854
2030400,長野川上村,35.941712055991,138.618536351929
2030500,長野南牧村,35.9841074403134,138.458286784619
2030600,南相木村,36.0185445151316,138.585923068007
2030700,北相木村,36.0623346226093,138.590106676839
2030900,佐久穂町,36.1223518358829,138.47450348132
2032100,軽井沢町,36.3568706337116,138.589407907648
2032300,御代田町,36.3340768537962,138.513134940722
2032400,立科町,36.2113214711283,138.295050771689
2034900,青木村,36.3643904752237,138.10514336905
2035000,長和町,36.1881827361665,138.216112130681
2036100,下諏訪町,36.1105671407113,138.112537604816
2036200,富士見町,35.9007166021568,138.2499275343
2036300,原村,35.9638614628929,138.256876882389
2038200,辰野町,35.9840619348455,137.942646109758
2038300,箕輪町,35.9242527248965,137.992527140902
2038400,飯島町,35.674496152744,137.87854347864
2038500,南箕輪村,35.8861325421214,137.917835532283
2038600,中川村,35.6391671373591,137.976412496941
2038800,宮田村,35.7735477542588,137.880804802871
2040200,松川町,35.6053139726852,137.909173989787
2040300,長野高森町,35.5735830166086,137.858762747195
2040400,阿南町,35.3172666000625,137.763875208257
2040700,阿智村,35.4426457749253,137.686402319704
2040900,平谷村,35.3333459540942,137.634762360946
2041000,根羽村,35.2560926854607,137.604076284831
2041100,下條村,35.3914890298019,137.775154219869
2041200,売木村,35.2675496616562,137.696050158437
2041300,天龍村,35.2538898811643,137.821557482056
2041400,泰阜村,35.3632829147184,137.86091638185
2041500,喬木村,35.480658546361,137.926851241388
2041600,豊丘村,35.5384928356557,137.950158248465
2041700,大鹿村,35.5581967042577,138.074446456702
2042200,上松町,35.7644015233545,137.682039894069
2042300,南木曽町,35.6036113720042,137.617928744612
2042500,木祖村,35.996538413132,137.76024899493
2042900,王滝村,35.8143663323857,137.475026770028
2043000,大桑村,35.6908116321659,137.691131702084
2043200,木曽町,35.899979307219,137.653453180522
2044600,麻績村,36.4628771360903,138.036716298611
2044800,生坂村,36.4327752003962,137.943626642512
2045000,山形村,36.1608467556256,137.862303386055
2045100,朝日村,36.1048601866154,137.829743946902
2045200,筑北村,36.4212062367147,138.040101695934
2048100,長野池田町,36.4232681728326,137.897685171327
2048200,松川村,36.4134390481515,137.826187619358
2048500,白馬村,36.6961478726983,137.835653258063
2048600,小谷村,36.8258132513141,137.915853075527
2052100,坂城町,36.4527550359892,138.193864167014
2054100,小布施町,36.7027198460083,138.316018425889
2054300,長野高山村,36.6623072451194,138.423209009434
2056100,山ノ内町,36.7513180800864,138.510633334331
2056200,木島平村,36.8404849043245,138.466193218813
2056300,野沢温泉村,36.9315166797137,138.467055713608
2058300,信濃町,36.8101759991604,138.182452564024
2058800,小川村,36.6342492945146,137.959615969087
2059000,飯綱町,36.7554757908329,138.236429212003
2060200,栄村,36.8802683124013,138.586508022946
2120100,岐阜市,35.4482606135503,136.764693585086
2120200,大垣市,35.3124481887765,136.520810587956
2120300,高山市,36.1318139333918,137.285838254308
2120400,多治見市,35.3340108677407,137.112567541534
2120500,関市,35.6305052971763,136.874336131844
2120600,中津川市,35.5665596881482,137.474324299463
2120700,美濃市,35.5789269830977,136.901187747123
2120800,瑞浪市,35.3893588634937,137.273591608301
2120900,羽島市,35.3074036801385,136.701596656975
2121000,恵那市,35.3706934926162,137.418089293686
2121100,美濃加茂市,35.4838614581587,137.026567658191
2121200,土岐市,35.3241885678736,137.207467284968
2121300,各務原市,35.4028303971979,136.87827905988
2121400,可児市,35.405897549721,137.066008586497
2121500,岐阜山県市,35.5989266152028,136.743098623182
2121600,瑞穂市,35.3966391496449,136.670215053385
2121700,飛騨市,36.3327266774371,137.205676034194
2121800,本巣市,35.6555314501308,136.619899400945
2121900,郡上市,35.8329857680947,136.94560373445
2122000,下呂市,35.8419993565067,137.238011216648
2122100,海津市,35.2138103414269,136.624421076218
2130200,岐南町,35.386118255703,136.786763865909
2130300,笠松町,35.3659551637708,136.76945598242
2134100,養老町,35.2911206473382,136.564438445914
2136100,垂井町,35.3859404018495,136.516407829108
2136200,関ケ原町,35.3480179961705,136.445826293851
2138100,神戸町,35.4157216282889,136.609203698532
2138200,輪之内町,35.2859971258562,136.634997778271
2138300,安八町,35.3365986905821,136.662744330818
2140100,揖斐川町,35.604966795909,136.452223716082
2140300,大野町,35.4681086636475,136.626690465246
2140400,岐阜池田町,35.440356456521,136.556429595639
2142100,北方町,35.4304424184366,136.68966355131
2150100,坂祝町,35.4338266894678,136.976461098282
2150200,富加町,35.4918070464286,136.977369928681
2150300,川辺町,35.51061201924,137.081503105992
2150400,七宗町,35.5774168444142,137.11324630774
2150500,八百津町,35.5007884110092,137.186286053407
2150600,白川町,35.6066812823969,137.262809481043
2150700,東白川村,35.6428273735657,137.337704779676
2152100,御嵩町,35.4335220431892,137.154448336554
2160400,白川村,36.2197657177596,136.879392054094
2210100,静岡葵区,35.2395971505255,138.264212823468
2210200,静岡駿河区,34.9518015774264,138.382388411729
2210300,静岡清水区,35.0970940125036,138.485523209383
2213100,浜松中区,34.7293903080564,137.719295698752
2213200,浜松東区,34.7496707635541,137.777931421698
2213300,浜松西区,34.7298456095081,137.633587859087
2213400,浜松南区,34.6805202458136,137.746459447581
2213500,浜松北区,34.8381347754916,137.641666266469
2213600,浜松浜北区,34.8207609704669,137.782359713945
2213700,浜松天竜区,35.059812295641,137.884905672157
2220300,沼津市,35.0773490369098,138.830535649999
2220500,熱海市,35.0907085683136,139.063214583971
2220600,三島市,35.139400246373,138.948814301234
2220700,富士宮市,35.3025507565329,138.608823217875
2220800,伊東市,34.9356337926604,139.087241682349
2220900,島田市,34.9122040531534,138.126607938195
2221000,富士市,35.2010612658564,138.699045231695
2221100,磐田市,34.7445181108281,137.850418929615
2221200,焼津市,34.8401373235611,138.30133334717
2221300,掛川市,34.7799356014382,138.018960204741
2221400,藤枝市,34.9195665191189,138.233783242768
2221500,御殿場市,35.298931717329,138.8790133586
2221600,袋井市,34.741756600617,137.928039011852
2221900,下田市,34.7087980744771,138.921467574622
2222000,裾野市,35.225514771715,138.877335158358
2222100,湖西市,34.7230457420536,137.526369168276
2222200,伊豆市,34.922311321886,138.92588364882
2222300,御前崎市,34.648131686973,138.148171509753
2222400,菊川市,34.738832486618,138.100467404074
2222500,伊豆の国市,35.0379938797368,138.972946172887
2222600,牧之原市,34.7319186605798,138.185739717521
2230100,東伊豆町,34.8265722081462,139.02828110073
2230200,河津町,34.7861076222552,138.952601657738
2230400,南伊豆町,34.6642536754327,138.831362954773
2230500,松崎町,34.7458158316382,138.820404243548
2230600,西伊豆町,34.8233631702458,138.817283388802
2232500,函南町,35.1139445137426,138.994010747576
2234100,静岡清水町,35.0974541780044,138.898696953859
2234200,長泉町,35.1660585767355,138.871001548188
2234400,小山町,35.3600723862491,138.918683629148
2242400,吉田町,34.7734967512743,138.257140718087
2242900,川根本町,35.1636431897297,138.103311401276
2246100,静岡森町,34.8865670992671,137.947560778798
2310100,名古屋千種区,35.1697482120011,136.961714333791
2310200,名古屋東区,35.1831092827754,136.932352287987
2310300,名古屋北区,35.2111744039166,136.91788337019
2310400,名古屋西区,35.2071667628885,136.88331044493
2310500,名古屋中村区,35.1668548728315,136.860144883204
2310600,名古屋中区,35.1635828434679,136.905297969114
2310700,名古屋昭和区,35.1475265850694,136.941870238769
2310800,名古屋瑞穂区,35.1258238447079,136.93750523588
2310900,名古屋熱田区,35.1282213722945,136.9003757877
2311000,名古屋中川区,35.138959508272,136.844694916202
2311100,名古屋港区,35.0932886612021,136.851790568312
2311200,名古屋南区,35.0941993959453,136.923514869366
2311300,名古屋守山区,35.2203369915396,136.995775356542
2311400,名古屋緑区,35.0777942970333,136.970020927516
2311500,名古屋名東区,35.1677821141833,137.005337005091
2311600,名古屋天白区,35.1226661665109,136.983749391724
2320100,豊橋市,34.7398852363038,137.407171436584
2320200,岡崎市,34.9510681822971,137.258278327658
2320300,一宮市,35.3087371519853,136.793039106325
2320400,瀬戸市,35.2381517761896,137.116744975279
2320500,半田市,34.899471339318,136.926360650939
2320600,春日井市,35.2730277554886,137.00669991735
2320700,豊川市,34.8473645810592,137.360952753324
2320800,愛知津島市,35.1696063440905,136.752722165737
2320900,碧南市,34.8782885435308,136.991670217273
2321000,刈谷市,35.0029023895314,137.017428364143
2321100,豊田市,35.1419344831071,137.301230411135
2321200,安城市,34.9436098758824,137.071908250334
2321300,西尾市,34.832191692216,137.070107759207
2321400,蒲郡市,34.82662479458,137.227908893576
2321500,犬山市,35.3616718484041,136.980434912931
2321600,常滑市,34.8866757924806,136.853342043308
2321700,愛知江南市,35.3431509563087,136.870327715649
2321900,小牧市,35.2986392318505,136.950078171355
2322000,稲沢市,35.2397803525463,136.763495548922
2322100,新城市,34.9600913166154,137.542715883831
2322200,東海市,35.026210853394,136.899906243911
2322300,大府市,35.0189180511064,136.954780101762
2322400,知多市,34.9699063472297,136.863895904671
2322500,知立市,34.9991445997696,137.049585369323
2322600,尾張旭市,35.2170108967526,137.036539441205
2322700,高浜市,34.9323854433254,136.995520664649
2322800,岩倉市,35.2784104167793,136.868754759574
2322900,豊明市,35.0605481574976,137.010203567679
2323000,日進市,35.1375443757198,137.051126592933
2323100,田原市,34.6409017405438,137.183833315523
2323200,愛西市,35.1718138202135,136.711291425676
2323300,清須市,35.2132329287203,136.847651314937
2323400,北名古屋市,35.2469514937626,136.872752768487
2323500,弥富市,35.0819184733178,136.760612641893
2323600,愛知みよし市,35.0942399724407,137.088831276943
2323700,あま市,35.1884223593157,136.80341521196
2323800,長久手市,35.1757184234655,137.059124567263
2330200,東郷町,35.1009935468182,137.053674300163
2334200,豊山町,35.2508526675877,136.916301602286
2336100,大口町,35.3313470669792,136.91090811733
2336200,扶桑町,35.3609921562555,136.913406042014
2342400,大治町,35.1734646626061,136.822351586446
2342500,蟹江町,35.1303071672937,136.785282419345
2342700,飛島村,35.0679238646144,136.80780241758
2344100,阿久比町,34.9350115443001,136.910878672459
2344200,東浦町,34.9688438447359,136.955384462671
2344500,南知多町,34.7277546516013,136.921952116252
2344600,愛知美浜町,34.777788677052,136.88976941436
2344700,武豊町,34.8435159862599,136.906672978731
2350100,幸田町,34.86211943839,137.165886035787
2356100,設楽町,35.1226354341067,137.554785494844
2356200,東栄町,35.0896322789955,137.690140704369
2356300,豊根村,35.1714388311843,137.739476205799
2420100,津市,34.6599994507808,136.366549042821
2420200,四日市市,34.9798148230079,136.57611792658
2420300,伊勢市,34.4674013266771,136.715837678947
2420400,松阪市,34.48655083187,136.356718132829
2420500,桑名市,35.0942162135359,136.65622826842
2420700,鈴鹿市,34.8902367382937,136.522404100848
2420800,名張市,34.6092182523598,136.118269521477
2420900,尾鷲市,34.0369177036284,136.183075650477
2421000,亀山市,34.8686620577722,136.393443398739
2421100,鳥羽市,34.4455753662306,136.858386365262
2421200,熊野市,33.9229081384774,136.026455563939
2421400,いなべ市,35.1606119324582,136.507871454334
2421500,志摩市,34.3379489065719,136.813356953031
2421600,伊賀市,34.7495597397941,136.185035562728
2430300,木曽岬町,35.0651217328122,136.740222092195
2432400,東員町,35.0795014166496,136.589750926186
2434100,菰野町,35.0402653607129,136.483573194793
2434300,三重朝日町,35.0363761927931,136.661493190099
2434400,川越町,35.0199851025635,136.680623546123
2444100,多気町,34.4702002168595,136.501527838206
2444200,三重明和町,34.5504121672356,136.626523060929
2444300,大台町,34.3160898384228,136.262654793346
2446100,玉城町,34.4809299337305,136.620655908467
2447000,度会町,34.3902137757577,136.578654356627
2447100,三重大紀町,34.3157186451234,136.412117020118
2447200,南伊勢町,34.3110380290615,136.584811302783
2454300,三重紀北町,34.1763693808773,136.237089968954
2456100,三重御浜町,33.8399560791368,136.00936060217
2456200,紀宝町,33.7719832704982,135.969515546941
2520100,大津市,35.0877031331644,135.91252288522
2520200,彦根市,35.2651832542716,136.20594492504
2520300,長浜市,35.5006416147406,136.224678692469
2520400,近江八幡市,35.165107994731,136.076506898321
2520600,草津市,35.0260439212401,135.938020746279
2520700,守山市,35.0901535622235,135.969895382738
2520800,栗東市,34.9990444225324,136.014213191422
2520900,甲賀市,34.9179158490955,136.179884909517
2521000,野洲市,35.1036636326594,136.020363380125
2521100,湖南市,34.9998946026829,136.087377455131
2521200,高島市,35.3719401593135,135.986100767254
2521300,東近江市,35.1070551642075,136.287300108904
2521400,米原市,35.3838720197277,136.350861265055
2538300,滋賀日野町,35.0129903608949,136.263676598636
2538400,竜王町,35.0575788158551,136.113357292472
2542500,愛荘町,35.1692080215372,136.247922298635
2544100,豊郷町,35.1983814484,136.231629314745
2544200,甲良町,35.2024569788843,136.265049572802
2544300,多賀町,35.2107827069013,136.34437818105
2610100,京都北区,35.1025503455559,135.713393054368
2610200,京都上京区,35.0267314241133,135.752913108279
2610300,京都左京区,35.1656385020207,135.796238027346
2610400,京都中京区,35.0103613290861,135.746777382653
2610500,京都東山区,34.9910223028437,135.77870851006
2610600,京都下京区,34.9928910529521,135.750491651679
2610700,京都南区,34.9673159535392,135.735583699023
2610800,京都右京区,35.1489718731026,135.665131782084
2610900,京都伏見区,34.9369477047328,135.774777733267
2611000,京都山科区,34.9831803759848,135.816394935714
2611100,京都西京区,34.9729109312286,135.660475983799
2620100,福知山市,35.3240471831402,135.113307938685
2620200,舞鶴市,35.4700991751059,135.340020212453
2620300,綾部市,35.3526396749737,135.344638666407
2620400,宇治市,34.9029685984935,135.820384260879
2620500,宮津市,35.5718616424564,135.206902735139
2620600,亀岡市,35.0102187266857,135.538994886688
2620700,城陽市,34.845668754309,135.79759525632
2620800,向日市,34.9497524696926,135.702679201897
2620900,長岡京市,34.924579637097,135.68011137991
2621000,八幡市,34.8666218473502,135.714693681761
2621100,京田辺市,34.8065565119903,135.758597644871
2621200,京丹後市,35.6308944585677,135.047841792027
2621300,南丹市,35.2274000083818,135.559379888615
2621400,木津川市,34.7512398421475,135.847787485092
2630300,大山崎町,34.902159415934,135.687117825211
2632200,久御山町,34.8889550306196,135.747315252337
2634300,井手町,34.8102238893534,135.828717369691
2634400,宇治田原町,34.8549249471611,135.887567229407
2636400,笠置町,34.7642982043083,135.948337329331
2636500,和束町,34.8104554633197,135.929376264353
2636600,精華町,34.7574936212094,135.775940793234
2636700,南山城村,34.7661270047845,136.002437752671
2640700,京丹波町,35.2232800735133,135.391086718704
2646300,伊根町,35.7141576929109,135.247668628712
2646500,与謝野町,35.5100258420412,135.102137112796
2710200,大阪都島区,34.7119256614762,135.527213498849
2710300,大阪福島区,34.693895128174,135.475339171677
2710400,大阪此花区,34.6704944335373,135.424020909328
2710600,大阪西区,34.6777606435464,135.483764667844
2710700,大阪港区,34.6599752131684,135.450598666061
2710800,大阪大正区,34.6440856090918,135.465986394619
2710900,大阪天王寺区,34.6599066557486,135.520354735154
2711100,大阪浪速区,34.6596090302312,135.495356807657
2711300,大阪西淀川区,34.7038788339332,135.4411864028
2711400,大阪東淀川区,34.7433057299875,135.530829476784
2711500,大阪東成区,34.6731415470061,135.546915158717
2711600,大阪生野区,34.6523663636249,135.54439267814
2711700,大阪旭区,34.7255135502263,135.547263051597
2711800,大阪城東区,34.6966114324019,135.548928932622
2711900,大阪阿倍野区,34.6330471428805,135.513493470238
2712000,大阪住吉区,34.6049007308552,135.504680963468
2712100,大阪東住吉区,34.6190173020032,135.53161524384
2712200,大阪西成区,34.6386466759942,135.490035524276
2712300,大阪淀川区,34.7290330135644,135.482155843845
2712400,大阪鶴見区,34.7034714736897,135.575412291301
2712500,大阪住之江区,34.62061334941,135.44715535755
2712600,大阪平野区,34.615041651875,135.560699811348
2712700,大阪北区,34.7051949898603,135.501906536417
2712800,大阪中央区,34.6801145653684,135.51412499157
2714100,大阪堺市堺区,34.580878155001,135.469098787062
2714200,大阪堺市中区,34.5242128135381,135.50403299236
2714300,大阪堺市東区,34.5355551471616,135.534120175428
2714400,大阪堺市西区,34.5494346378038,135.445563485131
2714500,大阪堺市南区,34.4756796611993,135.506513871045
2714600,大阪堺市北区,34.5652970408604,135.512988173107
2714700,大阪堺市美原区,34.5361506895968,135.563607103536
2720200,岸和田市,34.4278492973163,135.415520575793
2720300,豊中市,34.7819124637855,135.472754543993
2720400,池田市,34.8344322013552,135.43824563959
2720500,吹田市,34.7855606303942,135.519078466095
2720600,泉大津市,34.5081290771912,135.404361745636
2720700,高槻市,34.8807959006012,135.607914232651
2720800,貝塚市,34.4010565807046,135.385095379278
2720900,守口市,34.7417482153224,135.576368552299
2721000,枚方市,34.8176287712804,135.681703211106
2721100,茨木市,34.8558885067648,135.549972865631
2721200,八尾市,34.6202634016919,135.616188278797
2721300,泉佐野市,34.3803199130224,135.335414644326
2721400,富田林市,34.4888288065732,135.594306456013
2721500,寝屋川市,34.7653969507788,135.62695540927
2721600,河内長野市,34.405476571893,135.566909909477
2721700,松原市,34.5802132735071,135.551170585943
2721800,大東市,34.7128426852352,135.635748967559
2721900,大阪和泉市,34.4313530588581,135.471632691384
2722000,箕面市,34.8559044132275,135.479255003697
2722100,柏原市,34.5790171762113,135.646357644023
2722200,羽曳野市,34.5481555386537,135.605997765953
2722300,門真市,34.7321505909407,135.599342352546
2722400,摂津市,34.7760095632131,135.569567958597
2722500,高石市,34.5294817482412,135.427104709432
2722600,藤井寺市,34.5741483026939,135.604018922536
2722700,東大阪市,34.6711242704273,135.617596218945
2722800,泉南市,34.3542515385928,135.289169895883
2722900,四條畷市,34.7324278968162,135.667830881004
2723000,交野市,34.7721597152216,135.686917772584
2723100,大阪狭山市,34.4964548836979,135.548926910822
2723200,阪南市,34.3311535817757,135.235205072039
2730100,島本町,34.8988735583494,135.653244146965
2732100,豊能町,34.9138295769712,135.482208251139
2732200,能勢町,34.9808374419472,135.412954672472
2734100,忠岡町,34.4926208993907,135.393641295598
2736100,熊取町,34.3890263847654,135.364036567194
2736200,田尻町,34.4170333145244,135.257683602931
2736600,大阪岬町,34.3031862003802,135.152019541078
2738100,大阪太子町,34.5176475165969,135.652692967016
2738200,河南町,34.4845513626913,135.648966060806
2738300,千早赤阪村,34.4384367350975,135.648121921621
2810100,神戸東灘区,34.7244553024087,135.27122158625
2810200,神戸灘区,34.7336157241353,135.228871364542
2810500,神戸兵庫区,34.6797748941279,135.165155330913
2810600,神戸長田区,34.6684624107482,135.144418799267
2810700,神戸須磨区,34.6709927547789,135.106379350548
2810800,神戸垂水区,34.6494579580496,135.059724228952
2810900,神戸北区,34.7962023711024,135.171472470946
2811000,神戸中央区,34.6842751126119,135.202974869534
2811100,神戸西区,34.7177085641282,135.016808116293
2820100,姫路市,34.9007397857188,134.665083587185
2820200,尼崎市,34.73406506378,135.411154950537
2820300,明石市,34.6830239845665,134.940400352504
2820400,西宮市,34.7841877525196,135.312967682571
2820500,洲本市,34.3389403505051,134.854731016307
2820600,芦屋市,34.7457633820903,135.299738758031
2820700,伊丹市,34.78540556625,135.406786800545
2820800,相生市,34.8406272933831,134.455666782557
2820900,豊岡市,35.51286757274,134.826502914526
2821000,加古川市,34.7915646086051,134.851096318665
2821200,赤穂市,34.7889263594236,134.372524745333
2821300,西脇市,35.0092190331199,134.994873253432
2821400,宝塚市,34.8541226934407,135.335452566246
2821500,三木市,34.8353015311765,135.058944018247
2821600,高砂市,34.7752404499833,134.785792156148
2821700,川西市,34.877472715958,135.411045234399
2821800,小野市,34.8587303048968,134.951537241937
2821900,三田市,34.9521091314717,135.217529734742
2822000,加西市,34.9232223194344,134.854178662537
2822100,篠山市,35.0734757324225,135.231711518566
2822200,養父市,35.3530559780706,134.68593427198
2822300,丹波市,35.1746053612502,135.049461353189
2822400,南あわじ市,34.2737892262445,134.764992339877
2822500,朝来市,35.2609164169029,134.825581778134
2822600,淡路市,34.4947809506502,134.913376786767
2822700,宍粟市,35.1537184841172,134.545234889347
2822800,加東市,34.927720179139,135.022499691518
2822900,たつの市,34.887685586781,134.518807114675
2830100,猪名川町,34.9461267243199,135.349798352132
2836500,多可町,35.0836115492479,134.904889111715
2838100,兵庫稲美町,34.7524034811499,134.923491341567
2838200,播磨町,34.7129335324993,134.864474472751
2844200,市川町,35.0141368538636,134.781299870423
2844300,福崎町,34.9630052041092,134.751002752876
2844600,兵庫神河町,35.110556821044,134.768817377913
2846400,兵庫太子町,34.8332598018195,134.591044994622
2848100,上郡町,34.8865483486783,134.350383514498
2850100,佐用町,35.0202947775518,134.370545965639
2858500,兵庫香美町,35.523375481943,134.590341775347
2858600,新温泉町,35.5596665472835,134.482728288747
2920100,奈良市,34.6744794976151,135.89094032703
2920200,大和高田市,34.5100735201835,135.743746294141
2920300,大和郡山市,34.6339196390734,135.774724148076
2920400,天理市,34.595617564253,135.864268082339
2920500,橿原市,34.5013969411517,135.789939282899
2920600,桜井市,34.5214484486941,135.879691122932
2920700,五條市,34.2568217194478,135.750446259526
2920800,御所市,34.4331323227288,135.720952495974
2920900,生駒市,34.7079264194826,135.710370887351
2921000,香芝市,34.5486147457888,135.690031676618
2921100,葛城市,34.4968284522859,135.704632605585
2921200,宇陀市,34.520358874606,135.997859423989
2932200,山添村,34.6641481981804,136.026891553374
2934200,平群町,34.6330859955932,135.688340404267
2934300,三郷町,34.6035613632054,135.683922929468
2934400,斑鳩町,34.6139328457212,135.730518499688
2934500,安堵町,34.6018106478405,135.755375916985
2936100,奈良川西町,34.5878119159887,135.772386756978
2936200,三宅町,34.5736210908404,135.773916850141
2936300,田原本町,34.5540625797804,135.793775963775
2938500,曽爾村,34.5183547858985,136.122726017703
2938600,御杖村,34.4777369198246,136.159436159867
2940100,高取町,34.4381367374816,135.794798426423
2940200,明日香村,34.4589164163954,135.828130182231
2942400,上牧町,34.5654910338272,135.715453983346
2942500,王寺町,34.5846828276308,135.695913111783
2942600,広陵町,34.5507125536782,135.746775269698
2942700,河合町,34.5800776287462,135.732147700234
2944100,吉野町,34.3987065426437,135.893582901599
2944200,大淀町,34.4028897323455,135.798532368789
2944300,下市町,34.3377643972161,135.806834614488
2944400,黒滝村,34.3080029866353,135.86392533424
2944600,天川村,34.2271744733863,135.868415293825
2944700,野迫川村,34.1360953481992,135.644538479872
2944900,十津川村,34.0106668914119,135.764269858854
2945000,下北山村,34.0453544172854,135.952323806435
2945100,上北山村,34.1375601510565,136.020492609522
2945200,奈良川上村,34.2926837038368,136.020432497979
2945300,東吉野村,34.4066331894737,136.027919616941
3020100,和歌山市,34.2417334883173,135.196807131004
3020200,海南市,34.1411792491064,135.225421456045
3020300,橋本市,34.3227315957859,135.610150612089
3020400,有田市,34.0822426337653,135.142280526362
3020500,御坊市,33.8803942041656,135.176000308455
3020600,田辺市,33.8262617517503,135.577600786141
3020700,新宮市,33.766174471743,135.859190128842
3020800,紀の川市,34.2540027700715,135.394112294485
3020900,岩出市,34.2808986384036,135.305595120324
3030400,紀美野町,34.1539133547209,135.389267073341
3034100,かつらぎ町,34.2364774399516,135.512402510774
3034300,九度山町,34.2661852151775,135.580126626488
3034400,高野町,34.2144164614545,135.609051452867
3036100,湯浅町,34.035542526754,135.192462817773
3036200,和歌山広川町,33.99115062291,135.207100249088
3036600,有田川町,34.0719208876816,135.366403628135
3038100,和歌山美浜町,33.8956130301189,135.115470945734
3038200,和歌山日高町,33.9328348799326,135.121882537637
3038300,由良町,33.9759639529235,135.121823711669
3039000,和歌山印南町,33.8563283414384,135.278753247385
3039100,みなべ町,33.8295519001544,135.349882217609
3039200,日高川町,33.959694264112,135.358489940446
3040100,白浜町,33.6363553746964,135.472220284488
3040400,上富田町,33.7063005419494,135.457265307912
3040600,すさみ町,33.5715422391434,135.570507916229
3042100,那智勝浦町,33.6424069053635,135.875267536174
3042200,太地町,33.5919788096868,135.941618235996
3042400,古座川町,33.6111556197002,135.735598360687
3042700,北山村,33.9598738909928,135.951449141789
3042800,串本町,33.5142790419694,135.764123182465
3120100,鳥取市,35.4298234167731,134.158158763285
3120200,米子市,35.4340653341065,133.359338728649
3120300,倉吉市,35.3905466994551,133.745589884957
3120400,境港市,35.5188160474454,133.231028508644
3130200,岩美町,35.5446690317793,134.362514956898
3132500,鳥取若桜町,35.3227011136849,134.440424064906
3132800,智頭町,35.2496028435571,134.262676080374
3132900,八頭町,35.3814488888937,134.320860899132
3136400,三朝町,35.3527095440186,133.8939325922
3137000,湯梨浜町,35.4726836558207,133.909280246488
3137100,琴浦町,35.4502710546962,133.640907386268
3137200,北栄町,35.4759438899116,133.768933942728
3138400,日吉津村,35.4439210457,133.37944165053
3138600,大山町,35.4527324755703,133.528763730985
3138900,鳥取南部町,35.3205491561974,133.350094383873
3139000,伯耆町,35.3333008293949,133.441823094094
3140100,日南町,35.1576193867689,133.26124833199
3140200,鳥取日野町,35.2097182917104,133.414913415023
3140300,江府町,35.2933687446445,133.521071594994
3220100,松江市,35.4679314655962,133.068819611494
3220200,浜田市,34.8217912535042,132.141183459597
3220300,出雲市,35.3454588055847,132.754610514084
3220400,益田市,34.6242530233555,131.944185516662
3220500,大田市,35.1356756264335,132.494219682474
3220600,安来市,35.3339426938595,133.199541065371
3220700,江津市,34.9749058534149,132.295604825632
3220900,雲南市,35.2435938931598,132.895460598393
3234300,奥出雲町,35.1578844234832,133.041627160444
3238600,飯南町,35.0610536548604,132.737117958602
3244100,川本町,34.9904111928927,132.478184455932
3244800,島根美郷町,35.0295821336332,132.599138387626
3244900,邑南町,34.8767979164723,132.501697759689
3250100,津和野町,34.5125760063501,131.808342335224
3250500,吉賀町,34.3944572044589,131.891872874029
3252500,海士町,36.0846464743151,133.100364833199
3252600,西ノ島町,36.0964203415214,133.015847664981
3252700,知夫村,36.0141968937683,133.032129046496
3252800,隠岐の島町,36.2520427413049,133.278201865094
3310100,岡山北区,34.7720475523386,133.88104690992
3310200,岡山中区,34.6607695361824,133.965960386698
3310300,岡山東区,34.6769311653701,134.050433206594
3310400,岡山南区,34.5839354641017,133.905327099826
3320200,倉敷市,34.5578550187031,133.746740943781
3320300,津山市,35.138553196798,134.02994175405
3320400,玉野市,34.5170205183586,133.935939969254
3320500,笠岡市,34.5013541263949,133.511705217973
3320700,井原市,34.6503309942975,133.473699402225
3320800,総社市,34.7026976539029,133.702166378176
3320900,高梁市,34.8171915418311,133.522534821397
3321000,新見市,35.0157178095954,133.448995728286
3321100,備前市,34.7931541449838,134.234018434834
3321200,瀬戸内市,34.6653914120829,134.141604452002
3321300,赤磐市,34.83367280936,134.039477307605
3321400,真庭市,35.1354892763603,133.693566597053
3321500,美作市,35.0428364788304,134.229944642166
3321600,浅口市,34.5360764807993,133.594555187822
3334600,和気町,34.8386927681813,134.137873335564
3342300,早島町,34.6085182786416,133.822909673898
3344500,里庄町,34.5131320956113,133.556776290964
3346100,矢掛町,34.6309968343147,133.589816384924
3358600,新庄村,35.2032263023776,133.56041159906
3360600,鏡野町,35.2061025562788,133.908892522316
3362200,勝央町,35.0579576509844,134.130318026014
3362300,奈義町,35.1362506851425,134.184509245804
3364300,西粟倉村,35.193304353094,134.340944534538
3366300,久米南町,34.9223953371094,133.957826898367
3366600,岡山美咲町,34.9836467849256,133.938291343264
3368100,吉備中央町,34.8585663217862,133.750985197547
3410100,広島中区,34.3811074770782,132.449131339946
3410200,広島東区,34.4285011933206,132.514028978353
3410300,広島南区,34.3592074657286,132.47359107916
3410400,広島西区,34.3931314369672,132.416177008596
3410500,広島安佐南区,34.4688047344754,132.410408273346
3410600,広島安佐北区,34.5364794717775,132.526907491128
3410700,広島安芸区,34.398289181503,132.590628584363
3410800,広島佐伯区,34.4588174525932,132.294854018312
3420200,呉市,34.2237469037533,132.630455897484
3420300,竹原市,34.3679406700024,132.882082085584
3420400,三原市,34.4564915113856,133.003843683207
3420500,尾道市,34.4272347310334,133.162746305979
3420700,福山市,34.5209273927262,133.335782284378
3420800,広島府中市,34.6364906839789,133.175055588598
3420900,広島三次市,34.7931091607934,132.866075165336
3421000,庄原市,34.9455868079183,133.066508016682
3421100,大竹市,34.2606053196192,132.188525348596
3421200,東広島市,34.4476287864328,132.761069585127
3421300,廿日市市,34.3977680362746,132.185821375527
3421400,安芸高田市,34.7029602414268,132.678388029581
3421500,江田島市,34.2143824698412,132.44393330993
3430200,府中町,34.3974899061011,132.51738956464
3430400,海田町,34.3667579039319,132.552840850729
3430700,熊野町,34.3458794399775,132.591677157518
3430900,坂町,34.3243582907691,132.513972053339
3436800,安芸太田町,34.6031358025912,132.256088867729
3436900,北広島町,34.7070626908755,132.40105175851
3443100,大崎上島町,34.2424665702157,132.892419058548
3446200,世羅町,34.6141216677313,133.01680620266
3454500,神石高原町,34.7554003506128,133.261575192621
3520100,下関市,34.1689483888155,130.990949408645
3520200,宇部市,34.0442404541444,131.275166615398
3520300,山口市,34.2333822578843,131.576056890272
3520400,萩市,34.432007683974,131.509500065255
3520600,防府市,34.0689905816804,131.571587791008
3520700,下松市,34.0300338457834,131.884453117907
3520800,岩国市,34.205822163375,132.066659813194
3521000,光市,33.9801995542051,131.977769781528
3521100,長門市,34.3496385667134,131.145866379296
3521200,柳井市,33.9572482520995,132.137017102703
3521300,美祢市,34.2095054495366,131.252540555162
3521500,周南市,34.1490084052615,131.826672242963
3521600,山陽小野田市,34.0402915294662,131.157619158684
3530500,周防大島町,33.9147616391458,132.282538162812
3532100,和木町,34.1956307665438,132.211554192827
3534100,上関町,33.8063600463048,132.070501655632
3534300,田布施町,33.9519673321657,132.03055593553
3534400,平生町,33.9163155731624,132.087949380532
3550200,阿武町,34.530809013516,131.552874240725
3620100,徳島市,34.0496250953989,134.523851849836
3620200,鳴門市,34.1879005089428,134.549109356479
3620300,小松島市,33.9842090501119,134.595559480393
3620400,阿南市,33.8770218242539,134.606498594069
3620500,吉野川市,34.0370579886648,134.283530190401
3620600,阿波市,34.1218395511599,134.288955997202
3620700,美馬市,34.0188989029644,134.143321237422
3620800,徳島三好市,33.9334918213139,133.851834871394
3630100,勝浦町,33.9285958228218,134.489550570102
3630200,上勝町,33.9001831718046,134.383339102227
3632100,佐那河内村,33.9825345490693,134.452534351128
3634100,石井町,34.0779937786669,134.433560967237
3634200,神山町,33.9769805236222,134.33712552853
3636800,那賀町,33.800128531205,134.262934380348
3638300,牟岐町,33.6866971161319,134.417224263876
3638700,美波町,33.7530081951842,134.511882062211
3638800,海陽町,33.6457517663808,134.273187158093
3640100,松茂町,34.1356335541034,134.591732987319
3640200,北島町,34.1274116672271,134.549961385039
3640300,藍住町,34.1265665169597,134.494471821472
3640400,板野町,34.1526043124639,134.452363758504
3640500,上板町,34.1307646272301,134.406085157387
3646800,つるぎ町,33.9624611863052,134.053673997586
3648900,東みよし町,34.0356013502037,133.917873815331
3720100,高松市,34.2694539554497,134.0541718229
3720200,丸亀市,34.283133740474,133.815939904484
3720300,坂出市,34.3234013145347,133.892154305019
3720400,善通寺市,34.2241814277468,133.777751125835
3720500,観音寺市,34.0793241055657,133.674824429099
3720600,さぬき市,34.2664055943504,134.213188234021
3720700,東かがわ市,34.2119473935487,134.333136510747
3720800,三豊市,34.162209952458,133.724698391836
3732200,土庄町,34.5074201472053,134.19844457477
3732400,小豆島町,34.4905456908534,134.293721155122
3734100,三木町,34.2333905285304,134.138179713618
3736400,直島町,34.4675763588789,133.988935676269
3738600,宇多津町,34.3086911335702,133.826384735554
3738700,綾川町,34.2099750253408,133.962359996629
3740300,琴平町,34.195452746253,133.81812475898
3740400,多度津町,34.2703924897141,133.728069201715
3740600,まんのう町,34.1412875693931,133.912325758234
3820100,松山市,33.8830358721767,132.791144075613
3820200,今治市,34.078362351288,132.975838786148
3820300,宇和島市,33.1772709682107,132.554905099588
3820400,八幡浜市,33.4716777734571,132.431250503463
3820500,新居浜市,33.9005266495757,133.329715120211
3820600,西条市,33.8613094465072,133.112259172222
3820700,大洲市,33.5201688482476,132.598272818242
3821000,伊予市,33.681642740727,132.689404220096
3821300,四国中央市,33.9354946838549,133.536217660948
3821400,西予市,33.3940804939264,132.632609297993
3821500,東温市,33.8037071434009,132.926742129538
3835600,上島町,34.251668308188,133.193043668091
3838600,久万高原町,33.6356081675831,132.98496664588
3840100,愛媛松前町,33.7917960414533,132.72563132931
3840200,砥部町,33.6949866239695,132.789183346683
3842200,内子町,33.5696447786273,132.757054617783
3844200,伊方町,33.4339393343046,132.213061821569
3848400,松野町,33.2053187950428,132.71171630466
3848800,愛媛鬼北町,33.2998752375868,132.749513659094
3850600,愛南町,32.9885584858321,132.58127160321
3920100,高知市,33.5803361493244,133.508194698315
3920200,室戸市,33.3834624215879,134.148254587065
3920300,安芸市,33.5879522743431,133.954316191059
3920400,南国市,33.6098291439001,133.625283184826
3920500,土佐市,33.4752502565408,133.390056428375
3920600,須崎市,33.4116743435343,133.304003997586
3920800,宿毛市,32.9613691363624,132.734283584982
3920900,土佐清水市,32.8269825858031,132.895520096052
3921000,四万十市,33.0815986803221,132.852146926082
3921100,高知香南市,33.583591604047,133.780163445217
3921200,香美市,33.7081634911721,133.853214489436
3930100,東洋町,33.5179267383112,134.240728461739
3930200,奈半利町,33.4203578523297,134.056450143743
3930300,田野町,33.4388250037237,134.012528704493
3930400,安田町,33.4880984443204,134.007560313398
3930500,北川村,33.5174161775974,134.118825101272
3930600,馬路村,33.6227736674404,134.089683519848
3930700,芸西村,33.5485901076669,133.827173736412
3934100,本山町,33.7918927325178,133.58162566226
3934400,大豊町,33.7915623616346,133.720503436508
3936300,土佐町,33.7335656566291,133.482389099768
3936400,大川村,33.8006598793352,133.41289307513
3938600,いの町,33.6807805318931,133.312091700281
3938700,仁淀川町,33.582441530674,133.130839609274
3940100,中土佐町,33.3390639710404,133.167013086743
3940200,佐川町,33.497391231565,133.273686546768
3940300,越知町,33.5430734732288,133.221867233031
3940500,梼原町,33.3956781536785,132.92548119101
3941000,日高村,33.5389681477156,133.35431009203
3941100,高知津野町,33.4231820119858,133.085211448932
3941200,四万十町,33.233543457855,133.020378294533
3942400,大月町,32.8144800527793,132.708558138396
3942700,三原村,32.9024984549033,132.851522170879
3942800,黒潮町,33.0841091846384,133.059452433808
4010100,北九州門司区,33.9078308848516,130.970940108923
4010300,北九州若松区,33.9164192844504,130.751757433229
4010500,北九州戸畑区,33.9011147511662,130.834823647979
4010600,北九州小倉北区,33.8790811175608,130.876257675763
4010700,北九州小倉南区,33.7988008213819,130.882342911798
4010800,北九州八幡東区,33.8497952511999,130.808945720483
4010900,北九州八幡西区,33.8319679128528,130.747276460334
4013100,福岡東区,33.656721057679,130.41848874983
4013200,福岡博多区,33.579897964269,130.44350473586
4013300,福岡中央区,33.5838991354905,130.386241884308
4013400,福岡南区,33.5416097000017,130.410041177808
4013500,福岡西区,33.5852661304066,130.269281222552
4013600,福岡城南区,33.5488233558576,130.370353774139
4013700,福岡早良区,33.4962287707503,130.340921527094
4020200,大牟田市,33.0461675192234,130.469108239486
4020300,久留米市,33.3053887354885,130.567108999833
4020400,直方市,33.7511667528004,130.745908508596
4020500,飯塚市,33.6135347584468,130.660974031263
4020600,田川市,33.6315948140292,130.799647553876
4020700,柳川市,33.1483379395513,130.409748305023
4021000,八女市,33.1987687524168,130.702000025259
4021100,筑後市,33.2074888538266,130.491212299388
4021200,大川市,33.2057933711629,130.381835432075
4021300,行橋市,33.7140426222022,130.971073808616
4021400,豊前市,33.5686453685269,131.0776383977
4021500,中間市,33.8204922236889,130.706589292281
4021600,小郡市,33.4003209069958,130.564419083068
4021700,筑紫野市,33.4851535598114,130.543860847795
4021800,春日市,33.5240431974134,130.4563967805
4021900,大野城市,33.5130292190245,130.479240695192
4022000,宗像市,33.8228779128721,130.544504441209
4022100,太宰府市,33.5201788395126,130.525161562519
4022300,福岡古賀市,33.7213924317443,130.499462225048
4022400,福津市,33.7798175125326,130.498015838081
4022500,うきは市,33.3118388719501,130.793235911316
4022600,宮若市,33.7155903704758,130.61505022041
4022700,嘉麻市,33.536636348824,130.740267980418
4022800,朝倉市,33.4168447309279,130.741661180866
4022900,みやま市,33.1260258171101,130.496216657805
4023000,糸島市,33.5333389981301,130.180363417584
4030500,福岡那珂川町,33.4647701816433,130.422064469354
4034100,宇美町,33.5629150598313,130.536883138335
4034200,篠栗町,33.6245601528354,130.547160976385
4034300,志免町,33.58756218119,130.47629030077
4034400,須恵町,33.5923625525241,130.518692015464
4034500,新宮町,33.7020169086921,130.457136720776
4034800,久山町,33.6668206998974,130.516704746914
4034900,粕屋町,33.6158388159631,130.474547855211
4038100,芦屋町,33.8910777544153,130.662832488608
4038200,水巻町,33.8557351160822,130.693878276566
4038300,岡垣町,33.8541467772222,130.604731895869
4038400,遠賀町,33.8457744516092,130.662620660033
4040100,小竹町,33.704945513762,130.704389037134
4040200,鞍手町,33.7841802953768,130.669695214085
4042100,桂川町,33.5745465701981,130.679625816442
4044700,筑前町,33.4608775778434,130.619220826819
4044800,東峰村,33.4370975428668,130.849231182874
4050300,大刀洗町,33.3809488786596,130.614983204564
4052200,大木町,33.2126226361612,130.440838018467
4054400,福岡広川町,33.2521310936988,130.572563649229
4060100,香春町,33.6847127688581,130.854768745783
4060200,添田町,33.5139974122896,130.879045592128
4060400,糸田町,33.6553689505816,130.77248849834
4060500,福岡川崎町,33.5705273199833,130.814614290955
4060800,大任町,33.6121780519261,130.851765566255
4060900,赤村,33.6065932153583,130.887858886849
4061000,福智町,33.701444220094,130.786258677737
4062100,苅田町,33.7702136486099,130.967790596566
4062500,みやこ町,33.6294763502526,130.936019642442
4064200,吉富町,33.6053361626306,131.170534857924
4064600,上毛町,33.5415129539078,131.140005493829
4064700,築上町,33.6082261007094,131.015702120609
4120100,佐賀市,33.3251702444873,130.265103992119
4120200,唐津市,33.4171266024807,129.99816929424
4120300,鳥栖市,33.3787451966062,130.491655926123
4120400,多久市,33.2763057933465,130.10531191922
4120500,伊万里市,33.3017411137784,129.887905114092
4120600,武雄市,33.2015661103116,129.997732263237
4120700,佐賀鹿島市,33.0603927491498,130.095023462709
4120800,小城市,33.2789247013601,130.196550858495
4120900,嬉野市,33.0949119701714,130.01529462729
4121000,神埼市,33.3474653096469,130.351535535138
4132700,吉野ヶ里町,33.3635763355064,130.396504686394
4134100,基山町,33.4259744464363,130.5095219935
4134500,上峰町,33.326593757648,130.422094813531
4134600,みやき町,33.3280488228409,130.443132446564
4138700,玄海町,33.4768525815291,129.867658173747
4140100,有田町,33.1992867333419,129.864900756687
4142300,大町町,33.2175232318632,130.114953031351
4142400,江北町,33.2190882296404,130.157326986039
4142500,白石町,33.164561116852,130.146160382349
4144100,太良町,32.9949519902469,130.15146617096
4220100,長崎市,32.7820652541594,129.827146269456
4220201,佐世保市,33.1999350027051,129.717624844612
4220202,佐世保市宇久島,33.2707991189791,129.111425158181
4220300,島原市,32.794288788458,130.329246176087
4220400,諫早市,32.869063422781,130.063606546177
4220500,大村市,32.9397830817896,129.992964044345
4220700,平戸市,33.3159692942235,129.48687071537
4220800,松浦市,33.3533445391151,129.735010573907
4220900,長崎対馬市,34.4084515600988,129.32597991825
4221000,壱岐市,33.7855297970237,129.716691163743
4221100,五島市,32.6989135864414,128.768697732097
4221200,西海市,32.9926019879824,129.681992854822
4221300,雲仙市,32.7840331584632,130.228365094781
4221400,南島原市,32.6756312687984,130.256941504539
4230700,長与町,32.8306012608293,129.884170436784
4230800,時津町,32.8387290055467,129.829890472173
4232100,東彼杵町,33.034171831195,129.957419888465
4232200,川棚町,33.0816530832746,129.87003302821
4232300,波佐見町,33.1324084297408,129.8990953051
4238300,小値賀町,33.1961835627886,129.07091351576
4239100,佐々町,33.2445939575509,129.656364091652
4241100,新上五島町,32.952767641085,129.068546292004
4310100,熊本中央区,32.7993272217758,130.722448501238
4310200,熊本東区,32.8042953431582,130.775704315214
4310300,熊本西区,32.8103249921841,130.641487715727
4310400,熊本南区,32.7257723916028,130.691207852726
4310500,熊本北区,32.8905723009179,130.698771754756
4320200,八代市,32.4906280497578,130.749704558151
4320300,人吉市,32.163679153025,130.749616968528
4320400,荒尾市,32.9761892738943,130.475615212855
4320500,水俣市,32.1705539730129,130.462100262807
4320600,玉名市,32.9154982942068,130.560159681805
4320800,山鹿市,33.0558766836109,130.723084017876
4321000,菊池市,32.9910749469179,130.855223956628
4321100,宇土市,32.6809277816702,130.61306700784
4321200,上天草市,32.4955355711149,130.408160772892
4321300,宇城市,32.626682476528,130.654840906593
4321400,阿蘇市,32.9560825797342,131.094569871292
4321500,天草市,32.3851351780467,130.150113153714
4321600,合志市,32.893048991553,130.768664903555
4334800,熊本美里町,32.613582805572,130.871528812774
4336400,玉東町,32.9017353232889,130.62909416603
4336700,南関町,33.035151953178,130.550105621487
4336800,長洲町,32.9285953959519,130.468236065621
4336900,和水町,33.0411789005546,130.614121031124
4340300,大津町,32.8957794895656,130.905141323025
4340400,菊陽町,32.8592177914048,130.823702165115
4342300,南小国町,33.0680180065961,131.090488902885
4342400,熊本小国町,33.1425747571921,131.07115749222
4342500,産山村,33.0107108538673,131.205249654484
4342800,熊本高森町,32.8404872887739,131.20297235602
4343200,西原村,32.8222975734422,130.931418054813
4343300,南阿蘇村,32.8440955463522,131.037306914777
4344100,御船町,32.7306342920553,130.857525263606
4344200,嘉島町,32.7460054382181,130.755571273293
4344300,益城町,32.7874927061168,130.833982710585
4344400,甲佐町,32.6719762900557,130.817039376945
4344700,山都町,32.6991104050776,131.049207828943
4346800,氷川町,32.5750685527272,130.67594392073
4348200,芦北町,32.2915846487828,130.541308892763
4348400,津奈木町,32.2414512643006,130.460407731133
4350100,錦町,32.1824305734141,130.849140726287
4350500,多良木町,32.2434604608345,130.992480717773
4350600,湯前町,32.2715185697971,131.011553565033
4350700,水上村,32.365205911653,131.017027540151
4351000,相良村,32.3027927165758,130.829472391177
4351100,五木村,32.4201512120775,130.840066619608
4351200,山江村,32.3148848663209,130.756755766068
4351300,球磨村,32.2608836309722,130.650944158819
4351400,あさぎり町,32.2087569438734,130.918961750727
4353100,苓北町,32.4858603401291,130.07180584345
4420100,大分市,33.1798209562505,131.640841316872
4420200,別府市,33.2857334608449,131.452790948923
4420300,中津市,33.4647192044366,131.126542757026
4420400,日田市,33.2445244610731,130.950618763584
4420500,佐伯市,32.8859910904099,131.776044606108
4420600,臼杵市,33.0722406478691,131.744568463416
4420700,津久見市,33.0702885776374,131.867023262411
4420800,竹田市,32.9977481992446,131.327231756873
4420900,豊後高田市,33.575714708195,131.506921614408
4421000,杵築市,33.4472817817601,131.536726835998
4421100,宇佐市,33.4499851818491,131.336616714209
4421200,豊後大野市,32.9724959793255,131.512089500829
4421300,由布市,33.208554634338,131.384155667926
4421400,国東市,33.5641921465456,131.650624261255
4432200,姫島村,33.7280190969977,131.663694094742
4434100,日出町,33.3763268647685,131.52746228204
4446100,九重町,33.1924434060622,131.212621890485
4446200,玖珠町,33.3044212934431,131.161434130271
4520100,宮崎市,31.892196501973,131.358596161437
4520200,都城市,31.8092085563359,131.079034372571
4520300,延岡市,32.6723910913412,131.64313904961
4520400,日南市,31.6499989161588,131.331089661432
4520500,小林市,32.0334493027907,131.040914064446
4520600,日向市,32.3771423498769,131.522825513683
4520700,串間市,31.4857025569634,131.264831278407
4520800,西都市,32.172884214893,131.315416713794
4520900,えびの市,32.0473828885971,130.841254930372
4534100,三股町,31.7310576600935,131.177024437418
4536100,高原町,31.9227541009366,130.997683274001
4538200,国富町,32.0389859388802,131.287659532467
4538300,綾町,32.0316606898163,131.208542240474
4540100,高鍋町,32.1314509656205,131.502552905625
4540200,新富町,32.0817677857067,131.466677506528
4540300,西米良村,32.226137996969,131.159150870428
4540400,木城町,32.244557142802,131.397908546402
4540500,川南町,32.2093400814692,131.503775334098
4540600,宮崎都農町,32.2784687062056,131.5075500719
4542100,門川町,32.4914207352498,131.59210318877
4542900,諸塚村,32.5582492279315,131.306123463167
4543000,椎葉村,32.4616721096309,131.142971937868
4543100,宮崎美郷町,32.4400425758333,131.371155385803
4544100,高千穂町,32.7468404985048,131.314573252756
4544200,日之影町,32.6916471197157,131.413602429046
4544300,五ヶ瀬町,32.6437303880566,131.189852510931
4620100,鹿児島市,31.5791797017448,130.528312324332
4620300,鹿屋市,31.4266441433885,130.867339814021
4620400,枕崎市,31.2902381537145,130.310909257273
4620600,阿久根市,32.0163976251882,130.233086513005
4620800,鹿児島出水市,32.0634139916019,130.363944145206
4621000,指宿市,31.2302595163021,130.583105041191
4621300,西之表市,30.7050113400944,131.015781008997
4621400,垂水市,31.5118415135685,130.763077423501
4621501,薩摩川内市,31.8381764996247,130.35828141591
4621502,薩摩川内市甑島,31.755201316317,129.786634664733
4621600,日置市,31.5992944025402,130.382074370312
4621700,曽於市,31.6561542580702,130.974694034478
4621800,霧島市,31.8055847852227,130.781629523029
4621900,いちき串木野市,31.7328189967863,130.288915653374
4622000,南さつま市,31.3879308552289,130.269605540361
4622100,志布志市,31.531423009402,131.091642237219
4622200,奄美市,28.3454235014526,129.502202467111
4622300,南九州市,31.3403792350968,130.436756720105
4622400,伊佐市,32.058353580369,130.601027783985
4622500,姶良市,31.7810977198953,130.596071743766
4630300,三島村,30.8129439053345,130.135125529524
4630400,鹿児島十島村,29.6888031620734,129.712994312664
4639200,さつま町,31.9375925231261,130.475787616544
4640400,長島町,32.1862008697405,130.166451306017
4645200,湧水町,31.9688457922099,130.728614607526
4646800,大崎町,31.464262752247,130.97477882932
4648200,東串良町,31.38294258501,130.988644625194
4649000,錦江町,31.216876853,130.85824720515
4649100,南大隅町,31.1222052003321,130.773747974177
4649200,肝付町,31.2650416421098,130.991371209803
4650100,中種子町,30.5376999753151,130.959593637642
4650200,南種子町,30.4124577381636,130.909144969
4650500,屋久島町,30.346878132117,130.501382304569
4652300,大和村,28.3300421759705,129.358602077316
4652400,宇検村,28.2718993583729,129.27370858823
4652500,瀬戸内町,28.1572207818513,129.28615934941
4652700,龍郷町,28.4100971354883,129.580368287956
4652900,喜界町,28.3229331511985,129.972414445959
4653000,徳之島町,27.7946402758684,128.973535072225
4653100,天城町,27.8021390664616,128.922637475573
4653200,伊仙町,27.7038798558697,128.941744049979
4653300,和泊町,27.39989796731,128.639171136589
4653400,知名町,27.365080016373,128.565751687281
4653500,与論町,27.0428244417388,128.430910040508
4720100,那覇市,26.2109292852297,127.686312692114
4720500,宜野湾市,26.2745334440184,127.755921265419
4720700,石垣市,24.4656012809041,124.188763379481
4720800,浦添市,26.2510750146327,127.715031792763
4720900,名護市,26.5850977887792,128.024647170965
4721000,糸満市,26.1180157559732,127.686879386016
4721100,沖縄市,26.3531341659909,127.807532097989
4721200,豊見城市,26.1735583280304,127.679370004964
4721300,うるま市,26.3678301148425,127.873698142362
4721400,宮古島市,24.7857659267486,125.301280099258
4721500,南城市,26.163722785849,127.778747768414
4730100,国頭村,26.7616723769616,128.254735589751
4730200,大宜味村,26.6715302003,128.138667148979
4730300,東村,26.6485510461993,128.189695456663
4730600,今帰仁村,26.68006323744,127.967028801818
4730800,本部町,26.6585461991776,127.908990376044
4731100,恩納村,26.4759488549278,127.85274133029
4731300,宜野座村,26.4948075615559,127.966484217617
4731400,金武町,26.4651474727923,127.901852879782
4731500,伊江村,26.7217611221873,127.789474510655
4732400,読谷村,26.4000869817654,127.746328969633
4732500,嘉手納町,26.364409230556,127.767372024199
4732600,北谷町,26.3213527134945,127.76444818056
4732700,北中城村,26.3033596290774,127.797186046299
4732800,中城村,26.2634929209763,127.787702695866
4732900,西原町,26.2295124032377,127.759238693771
4734800,与那原町,26.2021695160937,127.758125066887
4735000,南風原町,26.1941967157988,127.728650048907
4735300,渡嘉敷村,26.1963636033865,127.373497425605
4735400,座間味村,26.2094574742675,127.287119449053
4735500,粟国村,26.587660861689,127.229322633379
4735600,渡名喜村,26.3660344367409,127.143958044351
4735700,南大東村,25.8431960031568,131.242744914302
4735800,北大東村,25.8153725167012,131.296678649555
4735900,伊平屋村,27.0473652726897,127.970831498156
4736000,伊是名村,26.9330424525469,127.936533244716
4736100,久米島町,26.4106427459504,126.83288263237
4736200,八重瀬町,26.1384611280885,127.726532701338
4737500,多良間村,24.6666108256917,124.69874512633
4738100,竹富町,24.3219449294693,123.82817843395
4738200,与那国町,24.4553666704242,122.988996964954