石狩市,石狩地方北部
当別町,石狩地方北部
新篠津村,石狩地方北部
札幌中央区,石狩地方中部
札幌北区,石狩地方中部
札幌東区,石狩地方中部
札幌白石区,石狩地方中部
札幌豊平区,石狩地方中部
札幌南区,石狩地方中部
札幌西区,石狩地方中部
札幌厚別区,石狩地方中部
札幌手稲区,石狩地方中部
札幌清田区,石狩地方中部
江別市,石狩地方中部
千歳市,石狩地方南部
恵庭市,石狩地方南部
北広島市,石狩地方南部
八雲町,渡島地方北部
長万部町,渡島地方北部
函館市,渡島地方東部
渡島北斗市,渡島地方東部
七飯町,渡島地方東部
鹿部町,渡島地方東部
渡島森町,渡島地方東部
渡島松前町,渡島地方西部
福島町,渡島地方西部
知内町,渡島地方西部
木古内町,渡島地方西部
檜山江差町,檜山地方
上ノ国町,檜山地方
厚沢部町,檜山地方
乙部町,檜山地方
今金町,檜山地方
せたな町,檜山地方
小樽市,後志地方北部
積丹町,後志地方北部
古平町,後志地方北部
仁木町,後志地方北部
余市町,後志地方北部
赤井川村,後志地方北部
ニセコ町,後志地方東部
真狩村,後志地方東部
留寿都村,後志地方東部
喜茂別町,後志地方東部
京極町,後志地方東部
倶知安町,後志地方東部
島牧村,後志地方西部
寿都町,後志地方西部
黒松内町,後志地方西部
蘭越町,後志地方西部
共和町,後志地方西部
岩内町,後志地方西部
泊村,後志地方西部
神恵内村,後志地方西部
奥尻町,北海道奥尻島
深川市,空知地方北部
妹背牛町,空知地方北部
秩父別町,空知地方北部
北竜町,空知地方北部
沼田町,空知地方北部
芦別市,空知地方中部
赤平市,空知地方中部
滝川市,空知地方中部
砂川市,空知地方中部
歌志内市,空知地方中部
奈井江町,空知地方中部
上砂川町,空知地方中部
浦臼町,空知地方中部
新十津川町,空知地方中部
雨竜町,空知地方中部
夕張市,空知地方南部
岩見沢市,空知地方南部
美唄市,空知地方南部
三笠市,空知地方南部
南幌町,空知地方南部
由仁町,空知地方南部
長沼町,空知地方南部
栗山町,空知地方南部
月形町,空知地方南部
士別市,上川地方北部
名寄市,上川地方北部
和寒町,上川地方北部
剣淵町,上川地方北部
下川町,上川地方北部
美深町,上川地方北部
音威子府村,上川地方北部
上川中川町,上川地方北部
幌加内町,上川地方北部
旭川市,上川地方中部
鷹栖町,上川地方中部
東神楽町,上川地方中部
当麻町,上川地方中部
比布町,上川地方中部
愛別町,上川地方中部
上川地方上川町,上川地方中部
東川町,上川地方中部
美瑛町,上川地方中部
富良野市,上川地方南部
上富良野町,上川地方南部
中富良野町,上川地方南部
南富良野町,上川地方南部
占冠村,上川地方南部
苫前町,留萌地方中北部
羽幌町,留萌地方中北部
初山別村,留萌地方中北部
遠別町,留萌地方中北部
天塩町,留萌地方中北部
留萌市,留萌地方南部
増毛町,留萌地方南部
小平町,留萌地方南部
稚内市,宗谷地方北部
猿払村,宗谷地方北部
豊富町,宗谷地方北部
幌延町,宗谷地方北部
浜頓別町,宗谷地方南部
中頓別町,宗谷地方南部
宗谷枝幸町,宗谷地方南部
礼文町,北海道利尻礼文
利尻町,北海道利尻礼文
利尻富士町,北海道利尻礼文
網走市,網走地方
美幌町,網走地方
津別町,網走地方
斜里町,網走地方
清里町,網走地方
小清水町,網走地方
大空町,網走地方
北見市,北見地方
訓子府町,北見地方
置戸町,北見地方
佐呂間町,北見地方
紋別市,紋別地方
遠軽町,紋別地方
湧別町,紋別地方
滝上町,紋別地方
興部町,紋別地方
西興部村,紋別地方
雄武町,紋別地方
胆振伊達市,胆振地方西部
豊浦町,胆振地方西部
壮瞥町,胆振地方西部
洞爺湖町,胆振地方西部
室蘭市,胆振地方中東部
苫小牧市,胆振地方中東部
登別市,胆振地方中東部
白老町,胆振地方中東部
厚真町,胆振地方中東部
安平町,胆振地方中東部
むかわ町,胆振地方中東部
日高地方日高町,日高地方西部
平取町,日高地方西部
新冠町,日高地方中部
新ひだか町,日高地方中部
浦河町,日高地方東部
様似町,日高地方東部
えりも町,日高地方東部
上士幌町,十勝地方北部
鹿追町,十勝地方北部
新得町,十勝地方北部
足寄町,十勝地方北部
陸別町,十勝地方北部
帯広市,十勝地方中部
音更町,十勝地方中部
士幌町,十勝地方中部
十勝清水町,十勝地方中部
芽室町,十勝地方中部
幕別町,十勝地方中部
十勝池田町,十勝地方中部
豊頃町,十勝地方中部
本別町,十勝地方中部
浦幌町,十勝地方中部
中札内村,十勝地方南部
更別村,十勝地方南部
十勝大樹町,十勝地方南部
広尾町,十勝地方南部
弟子屈町,釧路地方北部
釧路市,釧路地方中南部
釧路町,釧路地方中南部
厚岸町,釧路地方中南部
浜中町,釧路地方中南部
標茶町,釧路地方中南部
鶴居村,釧路地方中南部
白糠町,釧路地方中南部
中標津町,根室地方北部
標津町,根室地方北部
羅臼町,根室地方北部
別海町,根室地方中部
根室市,根室地方南部
青森市,青森県津軽北部
五所川原市,青森県津軽北部
つがる市,青森県津軽北部
平内町,青森県津軽北部
今別町,青森県津軽北部
蓬田村,青森県津軽北部
外ヶ浜町,青森県津軽北部
板柳町,青森県津軽北部
鶴田町,青森県津軽北部
中泊町,青森県津軽北部
弘前市,青森県津軽南部
黒石市,青森県津軽南部
平川市,青森県津軽南部
鰺ヶ沢町,青森県津軽南部
深浦町,青森県津軽南部
西目屋村,青森県津軽南部
藤崎町,青森県津軽南部
大鰐町,青森県津軽南部
田舎館村,青森県津軽南部
八戸市,青森県三八上北
十和田市,青森県三八上北
三沢市,青森県三八上北
野辺地町,青森県三八上北
七戸町,青森県三八上北
六戸町,青森県三八上北
横浜町,青森県三八上北
東北町,青森県三八上北
六ヶ所村,青森県三八上北
おいらせ町,青森県三八上北
三戸町,青森県三八上北
五戸町,青森県三八上北
田子町,青森県三八上北
青森南部町,青森県三八上北
階上町,青森県三八上北
新郷村,青森県三八上北
むつ市,青森県下北
大間町,青森県下北
東通村,青森県下北
風間浦村,青森県下北
佐井村,青森県下北
宮古市,岩手県沿岸北部
久慈市,岩手県沿岸北部
山田町,岩手県沿岸北部
岩泉町,岩手県沿岸北部
田野畑村,岩手県沿岸北部
普代村,岩手県沿岸北部
野田村,岩手県沿岸北部
岩手洋野町,岩手県沿岸北部
大船渡市,岩手県沿岸南部
陸前高田市,岩手県沿岸南部
釜石市,岩手県沿岸南部
住田町,岩手県沿岸南部
大槌町,岩手県沿岸南部
盛岡市,岩手県内陸北部
二戸市,岩手県内陸北部
八幡平市,岩手県内陸北部
滝沢市,岩手県内陸北部
雫石町,岩手県内陸北部
葛巻町,岩手県内陸北部
岩手町,岩手県内陸北部
紫波町,岩手県内陸北部
矢巾町,岩手県内陸北部
軽米町,岩手県内陸北部
九戸村,岩手県内陸北部
一戸町,岩手県内陸北部
花巻市,岩手県内陸南部
北上市,岩手県内陸南部
遠野市,岩手県内陸南部
一関市,岩手県内陸南部
奥州市,岩手県内陸南部
西和賀町,岩手県内陸南部
金ケ崎町,岩手県内陸南部
平泉町,岩手県内陸南部
気仙沼市,宮城県北部
登米市,宮城県北部
栗原市,宮城県北部
大崎市,宮城県北部
色麻町,宮城県北部
宮城加美町,宮城県北部
涌谷町,宮城県北部
宮城美里町,宮城県北部
南三陸町,宮城県北部
白石市,宮城県南部
名取市,宮城県南部
角田市,宮城県南部
岩沼市,宮城県南部
蔵王町,宮城県南部
七ヶ宿町,宮城県南部
大河原町,宮城県南部
村田町,宮城県南部
柴田町,宮城県南部
宮城川崎町,宮城県南部
丸森町,宮城県南部
亘理町,宮城県南部
山元町,宮城県南部
仙台青葉区,宮城県中部
仙台宮城野区,宮城県中部
仙台若林区,宮城県中部
仙台太白区,宮城県中部
仙台泉区,宮城県中部
石巻市,宮城県中部
塩竈市,宮城県中部
多賀城市,宮城県中部
東松島市,宮城県中部
富谷市,宮城県中部
松島町,宮城県中部
七ヶ浜町,宮城県中部
利府町,宮城県中部
大和町,宮城県中部
大郷町,宮城県中部
大衡村,宮城県中部
女川町,宮城県中部
能代市,秋田県沿岸北部
男鹿市,秋田県沿岸北部
潟上市,秋田県沿岸北部
藤里町,秋田県沿岸北部
三種町,秋田県沿岸北部
八峰町,秋田県沿岸北部
五城目町,秋田県沿岸北部
八郎潟町,秋田県沿岸北部
井川町,秋田県沿岸北部
大潟村,秋田県沿岸北部
秋田市,秋田県沿岸南部
由利本荘市,秋田県沿岸南部
にかほ市,秋田県沿岸南部
大館市,秋田県内陸北部
鹿角市,秋田県内陸北部
北秋田市,秋田県内陸北部
小坂町,秋田県内陸北部
上小阿仁村,秋田県内陸北部
横手市,秋田県内陸南部
湯沢市,秋田県内陸南部
大仙市,秋田県内陸南部
仙北市,秋田県内陸南部
秋田美郷町,秋田県内陸南部
羽後町,秋田県内陸南部
東成瀬村,秋田県内陸南部
鶴岡市,山形県庄内
酒田市,山形県庄内
三川町,山形県庄内
庄内町,山形県庄内
遊佐町,山形県庄内
新庄市,山形県最上
山形金山町,山形県最上
最上町,山形県最上
舟形町,山形県最上
真室川町,山形県最上
大蔵村,山形県最上
鮭川村,山形県最上
戸沢村,山形県最上
山形市,山形県村山
寒河江市,山形県村山
上山市,山形県村山
村山市,山形県村山
天童市,山形県村山
東根市,山形県村山
尾花沢市,山形県村山
山辺町,山形県村山
中山町,山形県村山
河北町,山形県村山
西川町,山形県村山
山形朝日町,山形県村山
大江町,山形県村山
大石田町,山形県村山
米沢市,山形県置賜
長井市,山形県置賜
南陽市,山形県置賜
高畠町,山形県置賜
山形川西町,山形県置賜
山形小国町,山形県置賜
白鷹町,山形県置賜
飯豊町,山形県置賜
福島市,福島県中通り
郡山市,福島県中通り
白河市,福島県中通り
須賀川市,福島県中通り
二本松市,福島県中通り
田村市,福島県中通り
福島伊達市,福島県中通り
本宮市,福島県中通り
桑折町,福島県中通り
国見町,福島県中通り
川俣町,福島県中通り
大玉村,福島県中通り
鏡石町,福島県中通り
天栄村,福島県中通り
西郷村,福島県中通り
泉崎村,福島県中通り
中島村,福島県中通り
矢吹町,福島県中通り
棚倉町,福島県中通り
矢祭町,福島県中通り
塙町,福島県中通り
鮫川村,福島県中通り
石川町,福島県中通り
玉川村,福島県中通り
平田村,福島県中通り
浅川町,福島県中通り
古殿町,福島県中通り
三春町,福島県中通り
小野町,福島県中通り
いわき市,福島県浜通り
相馬市,福島県浜通り
南相馬市,福島県浜通り
福島広野町,福島県浜通り
楢葉町,福島県浜通り
富岡町,福島県浜通り
川内村,福島県浜通り
大熊町,福島県浜通り
双葉町,福島県浜通り
浪江町,福島県浜通り
葛尾村,福島県浜通り
新地町,福島県浜通り
飯舘村,福島県浜通り
会津若松市,福島県会津
喜多方市,福島県会津
下郷町,福島県会津
檜枝岐村,福島県会津
只見町,福島県会津
南会津町,福島県会津
北塩原村,福島県会津
西会津町,福島県会津
磐梯町,福島県会津
猪苗代町,福島県会津
会津坂下町,福島県会津
湯川村,福島県会津
柳津町,福島県会津
三島町,福島県会津
福島金山町,福島県会津
福島昭和村,福島県会津
会津美里町,福島県会津
水戸市,茨城県北部
日立市,茨城県北部
常陸太田市,茨城県北部
高萩市,茨城県北部
北茨城市,茨城県北部
笠間市,茨城県北部
ひたちなか市,茨城県北部
常陸大宮市,茨城県北部
那珂市,茨城県北部
小美玉市,茨城県北部
茨城町,茨城県北部
大洗町,茨城県北部
城里町,茨城県北部
東海村,茨城県北部
大子町,茨城県北部
土浦市,茨城県南部
茨城古河市,茨城県南部
石岡市,茨城県南部
結城市,茨城県南部
龍ケ崎市,茨城県南部
下妻市,茨城県南部
常総市,茨城県南部
取手市,茨城県南部
牛久市,茨城県南部
つくば市,茨城県南部
茨城鹿嶋市,茨城県南部
潮来市,茨城県南部
守谷市,茨城県南部
筑西市,茨城県南部
坂東市,茨城県南部
稲敷市,茨城県南部
かすみがうら市,茨城県南部
桜川市,茨城県南部
神栖市,茨城県南部
行方市,茨城県南部
鉾田市,茨城県南部
つくばみらい市,茨城県南部
美浦村,茨城県南部
阿見町,茨城県南部
河内町,茨城県南部
八千代町,茨城県南部
五霞町,茨城県南部
境町,茨城県南部
利根町,茨城県南部
日光市,栃木県北部
大田原市,栃木県北部
矢板市,栃木県北部
那須塩原市,栃木県北部
塩谷町,栃木県北部
那須町,栃木県北部
宇都宮市,栃木県南部
足利市,栃木県南部
栃木市,栃木県南部
佐野市,栃木県南部
鹿沼市,栃木県南部
小山市,栃木県南部
真岡市,栃木県南部
栃木さくら市,栃木県南部
那須烏山市,栃木県南部
下野市,栃木県南部
上三川町,栃木県南部
益子町,栃木県南部
茂木町,栃木県南部
市貝町,栃木県南部
芳賀町,栃木県南部
壬生町,栃木県南部
野木町,栃木県南部
高根沢町,栃木県南部
栃木那珂川町,栃木県南部
沼田市,群馬県北部
中之条町,群馬県北部
長野原町,群馬県北部
嬬恋村,群馬県北部
草津町,群馬県北部
群馬高山村,群馬県北部
東吾妻町,群馬県北部
片品村,群馬県北部
川場村,群馬県北部
群馬昭和村,群馬県北部
みなかみ町,群馬県北部
前橋市,群馬県南部
高崎市,群馬県南部
桐生市,群馬県南部
伊勢崎市,群馬県南部
太田市,群馬県南部
館林市,群馬県南部
渋川市,群馬県南部
藤岡市,群馬県南部
富岡市,群馬県南部
安中市,群馬県南部
みどり市,群馬県南部
榛東村,群馬県南部
吉岡町,群馬県南部
群馬上野村,群馬県南部
神流町,群馬県南部
下仁田町,群馬県南部
群馬南牧村,群馬県南部
甘楽町,群馬県南部
玉村町,群馬県南部
板倉町,群馬県南部
群馬明和町,群馬県南部
千代田町,群馬県南部
大泉町,群馬県南部
邑楽町,群馬県南部
熊谷市,埼玉県北部
行田市,埼玉県北部
加須市,埼玉県北部
本庄市,埼玉県北部
東松山市,埼玉県北部
羽生市,埼玉県北部
鴻巣市,埼玉県北部
深谷市,埼玉県北部
久喜市,埼玉県北部
滑川町,埼玉県北部
嵐山町,埼玉県北部
小川町,埼玉県北部
吉見町,埼玉県北部
鳩山町,埼玉県北部
ときがわ町,埼玉県北部
東秩父村,埼玉県北部
埼玉美里町,埼玉県北部
埼玉神川町,埼玉県北部
上里町,埼玉県北部
寄居町,埼玉県北部
さいたま西区,埼玉県南部
さいたま北区,埼玉県南部
さいたま大宮区,埼玉県南部
さいたま見沼区,埼玉県南部
さいたま中央区,埼玉県南部
さいたま桜区,埼玉県南部
さいたま浦和区,埼玉県南部
さいたま南区,埼玉県南部
さいたま緑区,埼玉県南部
さいたま岩槻区,埼玉県南部
川越市,埼玉県南部
川口市,埼玉県南部
所沢市,埼玉県南部
飯能市,埼玉県南部
春日部市,埼玉県南部
狭山市,埼玉県南部
上尾市,埼玉県南部
草加市,埼玉県南部
越谷市,埼玉県南部
蕨市,埼玉県南部
戸田市,埼玉県南部
入間市,埼玉県南部
朝霞市,埼玉県南部
志木市,埼玉県南部
和光市,埼玉県南部
新座市,埼玉県南部
桶川市,埼玉県南部
北本市,埼玉県南部
八潮市,埼玉県南部
富士見市,埼玉県南部
三郷市,埼玉県南部
蓮田市,埼玉県南部
坂戸市,埼玉県南部
幸手市,埼玉県南部
鶴ヶ島市,埼玉県南部
日高市,埼玉県南部
吉川市,埼玉県南部
ふじみ野市,埼玉県南部
白岡市,埼玉県南部
伊奈町,埼玉県南部
埼玉三芳町,埼玉県南部
毛呂山町,埼玉県南部
越生町,埼玉県南部
川島町,埼玉県南部
宮代町,埼玉県南部
杉戸町,埼玉県南部
松伏町,埼玉県南部
秩父市,埼玉県秩父
横瀬町,埼玉県秩父
皆野町,埼玉県秩父
長瀞町,埼玉県秩父
小鹿野町,埼玉県秩父
銚子市,千葉県北東部
茂原市,千葉県北東部
東金市,千葉県北東部
旭市,千葉県北東部
匝瑳市,千葉県北東部
香取市,千葉県北東部
山武市,千葉県北東部
大網白里市,千葉県北東部
神崎町,千葉県北東部
多古町,千葉県北東部
東庄町,千葉県北東部
九十九里町,千葉県北東部
芝山町,千葉県北東部
横芝光町,千葉県北東部
一宮町,千葉県北東部
睦沢町,千葉県北東部
長生村,千葉県北東部
白子町,千葉県北東部
長柄町,千葉県北東部
長南町,千葉県北東部
千葉中央区,千葉県北西部
千葉花見川区,千葉県北西部
千葉稲毛区,千葉県北西部
千葉若葉区,千葉県北西部
千葉緑区,千葉県北西部
千葉美浜区,千葉県北西部
市川市,千葉県北西部
船橋市,千葉県北西部
松戸市,千葉県北西部
野田市,千葉県北西部
成田市,千葉県北西部
千葉佐倉市,千葉県北西部
習志野市,千葉県北西部
柏市,千葉県北西部
市原市,千葉県北西部
流山市,千葉県北西部
八千代市,千葉県北西部
我孫子市,千葉県北西部
鎌ケ谷市,千葉県北西部
浦安市,千葉県北西部
四街道市,千葉県北西部
八街市,千葉県北西部
印西市,千葉県北西部
白井市,千葉県北西部
富里市,千葉県北西部
酒々井町,千葉県北西部
栄町,千葉県北西部
館山市,千葉県南部
木更津市,千葉県南部
勝浦市,千葉県南部
鴨川市,千葉県南部
君津市,千葉県南部
富津市,千葉県南部
袖ケ浦市,千葉県南部
南房総市,千葉県南部
いすみ市,千葉県南部
大多喜町,千葉県南部
御宿町,千葉県南部
鋸南町,千葉県南部
東京千代田区,東京都２３区
東京中央区,東京都２３区
東京港区,東京都２３区
東京新宿区,東京都２３区
東京文京区,東京都２３区
東京台東区,東京都２３区
東京墨田区,東京都２３区
東京江東区,東京都２３区
東京品川区,東京都２３区
東京目黒区,東京都２３区
東京大田区,東京都２３区
東京世田谷区,東京都２３区
東京渋谷区,東京都２３区
東京中野区,東京都２３区
東京杉並区,東京都２３区
東京豊島区,東京都２３区
東京北区,東京都２３区
東京荒川区,東京都２３区
東京板橋区,東京都２３区
東京練馬区,東京都２３区
東京足立区,東京都２３区
東京葛飾区,東京都２３区
東京江戸川区,東京都２３区
八王子市,東京都多摩東部
立川市,東京都多摩東部
武蔵野市,東京都多摩東部
三鷹市,東京都多摩東部
東京府中市,東京都多摩東部
昭島市,東京都多摩東部
調布市,東京都多摩東部
町田市,東京都多摩東部
小金井市,東京都多摩東部
小平市,東京都多摩東部
日野市,東京都多摩東部
東村山市,東京都多摩東部
国分寺市,東京都多摩東部
国立市,東京都多摩東部
福生市,東京都多摩東部
狛江市,東京都多摩東部
東大和市,東京都多摩東部
清瀬市,東京都多摩東部
東久留米市,東京都多摩東部
武蔵村山市,東京都多摩東部
多摩市,東京都多摩東部
稲城市,東京都多摩東部
羽村市,東京都多摩東部
西東京市,東京都多摩東部
瑞穂町,東京都多摩東部
青梅市,東京都多摩西部
あきる野市,東京都多摩西部
日の出町,東京都多摩西部
檜原村,東京都多摩西部
奥多摩町,東京都多摩西部
神津島村,神津島
伊豆大島町,伊豆大島
東京利島村,新島
新島村,新島
三宅村,三宅島
御蔵島村,三宅島
八丈町,八丈島
青ヶ島村,八丈島
小笠原村,小笠原
横浜鶴見区,神奈川県東部
横浜神奈川区,神奈川県東部
横浜西区,神奈川県東部
横浜中区,神奈川県東部
横浜南区,神奈川県東部
横浜保土ケ谷区,神奈川県東部
横浜磯子区,神奈川県東部
横浜金沢区,神奈川県東部
横浜港北区,神奈川県東部
横浜戸塚区,神奈川県東部
横浜港南区,神奈川県東部
横浜旭区,神奈川県東部
横浜緑区,神奈川県東部
横浜瀬谷区,神奈川県東部
横浜栄区,神奈川県東部
横浜泉区,神奈川県東部
横浜青葉区,神奈川県東部
横浜都筑区,神奈川県東部
川崎川崎区,神奈川県東部
川崎幸区,神奈川県東部
川崎中原区,神奈川県東部
川崎高津区,神奈川県東部
川崎多摩区,神奈川県東部
川崎宮前区,神奈川県東部
川崎麻生区,神奈川県東部
横須賀市,神奈川県東部
平塚市,神奈川県東部
鎌倉市,神奈川県東部
藤沢市,神奈川県東部
茅ヶ崎市,神奈川県東部
逗子市,神奈川県東部
三浦市,神奈川県東部
大和市,神奈川県東部
海老名市,神奈川県東部
座間市,神奈川県東部
綾瀬市,神奈川県東部
葉山町,神奈川県東部
寒川町,神奈川県東部
大磯町,神奈川県東部
二宮町,神奈川県東部
相模原緑区,神奈川県西部
相模原中央区,神奈川県西部
相模原南区,神奈川県西部
小田原市,神奈川県西部
秦野市,神奈川県西部
厚木市,神奈川県西部
伊勢原市,神奈川県西部
南足柄市,神奈川県西部
中井町,神奈川県西部
神奈川大井町,神奈川県西部
松田町,神奈川県西部
山北町,神奈川県西部
開成町,神奈川県西部
箱根町,神奈川県西部
真鶴町,神奈川県西部
湯河原町,神奈川県西部
愛川町,神奈川県西部
清川村,神奈川県西部
糸魚川市,新潟県上越
妙高市,新潟県上越
上越市,新潟県上越
長岡市,新潟県中越
三条市,新潟県中越
柏崎市,新潟県中越
小千谷市,新潟県中越
加茂市,新潟県中越
十日町市,新潟県中越
見附市,新潟県中越
魚沼市,新潟県中越
南魚沼市,新潟県中越
田上町,新潟県中越
出雲崎町,新潟県中越
湯沢町,新潟県中越
津南町,新潟県中越
刈羽村,新潟県中越
新潟北区,新潟県下越
新潟東区,新潟県下越
新潟中央区,新潟県下越
新潟江南区,新潟県下越
新潟秋葉区,新潟県下越
新潟南区,新潟県下越
新潟西区,新潟県下越
新潟西蒲区,新潟県下越
新発田市,新潟県下越
村上市,新潟県下越
燕市,新潟県下越
五泉市,新潟県下越
阿賀野市,新潟県下越
胎内市,新潟県下越
聖籠町,新潟県下越
弥彦村,新潟県下越
阿賀町,新潟県下越
関川村,新潟県下越
粟島浦村,新潟県下越
佐渡市,新潟県佐渡
富山市,富山県東部
魚津市,富山県東部
滑川市,富山県東部
黒部市,富山県東部
舟橋村,富山県東部
上市町,富山県東部
立山町,富山県東部
入善町,富山県東部
富山朝日町,富山県東部
高岡市,富山県西部
氷見市,富山県西部
砺波市,富山県西部
小矢部市,富山県西部
南砺市,富山県西部
射水市,富山県西部
七尾市,石川県能登
輪島市,石川県能登
珠洲市,石川県能登
羽咋市,石川県能登
志賀町,石川県能登
宝達志水町,石川県能登
中能登町,石川県能登
穴水町,石川県能登
能登町,石川県能登
金沢市,石川県加賀
小松市,石川県加賀
加賀市,石川県加賀
かほく市,石川県加賀
白山市,石川県加賀
能美市,石川県加賀
野々市市,石川県加賀
川北町,石川県加賀
津幡町,石川県加賀
内灘町,石川県加賀
福井市,福井県嶺北
大野市,福井県嶺北
勝山市,福井県嶺北
鯖江市,福井県嶺北
あわら市,福井県嶺北
越前市,福井県嶺北
福井坂井市,福井県嶺北
永平寺町,福井県嶺北
福井池田町,福井県嶺北
南越前町,福井県嶺北
越前町,福井県嶺北
敦賀市,福井県嶺南
小浜市,福井県嶺南
福井美浜町,福井県嶺南
高浜町,福井県嶺南
福井おおい町,福井県嶺南
福井若狭町,福井県嶺南
甲府市,山梨県中・西部
山梨市,山梨県中・西部
韮崎市,山梨県中・西部
南アルプス市,山梨県中・西部
山梨北杜市,山梨県中・西部
甲斐市,山梨県中・西部
笛吹市,山梨県中・西部
甲州市,山梨県中・西部
中央市,山梨県中・西部
市川三郷町,山梨県中・西部
早川町,山梨県中・西部
身延町,山梨県中・西部
山梨南部町,山梨県中・西部
富士川町,山梨県中・西部
昭和町,山梨県中・西部
富士吉田市,山梨県東部・富士五湖
都留市,山梨県東部・富士五湖
大月市,山梨県東部・富士五湖
上野原市,山梨県東部・富士五湖
道志村,山梨県東部・富士五湖
西桂町,山梨県東部・富士五湖
忍野村,山梨県東部・富士五湖
山中湖村,山梨県東部・富士五湖
鳴沢村,山梨県東部・富士五湖
富士河口湖町,山梨県東部・富士五湖
小菅村,山梨県東部・富士五湖
丹波山村,山梨県東部・富士五湖
長野市,長野県北部
須坂市,長野県北部
中野市,長野県北部
大町市,長野県北部
飯山市,長野県北部
千曲市,長野県北部
長野池田町,長野県北部
松川村,長野県北部
白馬村,長野県北部
小谷村,長野県北部
坂城町,長野県北部
小布施町,長野県北部
長野高山村,長野県北部
山ノ内町,長野県北部
木島平村,長野県北部
野沢温泉村,長野県北部
信濃町,長野県北部
小川村,長野県北部
飯綱町,長野県北部
栄村,長野県北部
松本市,長野県中部
上田市,長野県中部
岡谷市,長野県中部
諏訪市,長野県中部
小諸市,長野県中部
茅野市,長野県中部
塩尻市,長野県中部
佐久市,長野県中部
東御市,長野県中部
安曇野市,長野県中部
小海町,長野県中部
長野川上村,長野県中部
長野南牧村,長野県中部
南相木村,長野県中部
北相木村,長野県中部
佐久穂町,長野県中部
軽井沢町,長野県中部
御代田町,長野県中部
立科町,長野県中部
青木村,長野県中部
長和町,長野県中部
下諏訪町,長野県中部
富士見町,長野県中部
原村,長野県中部
麻績村,長野県中部
生坂村,長野県中部
山形村,長野県中部
朝日村,長野県中部
筑北村,長野県中部
飯田市,長野県南部
伊那市,長野県南部
駒ヶ根市,長野県南部
辰野町,長野県南部
箕輪町,長野県南部
飯島町,長野県南部
南箕輪村,長野県南部
中川村,長野県南部
宮田村,長野県南部
松川町,長野県南部
長野高森町,長野県南部
阿南町,長野県南部
阿智村,長野県南部
平谷村,長野県南部
根羽村,長野県南部
下條村,長野県南部
売木村,長野県南部
天龍村,長野県南部
泰阜村,長野県南部
喬木村,長野県南部
豊丘村,長野県南部
大鹿村,長野県南部
上松町,長野県南部
南木曽町,長野県南部
木祖村,長野県南部
王滝村,長野県南部
大桑村,長野県南部
木曽町,長野県南部
高山市,岐阜県飛騨
飛騨市,岐阜県飛騨
下呂市,岐阜県飛騨
白川村,岐阜県飛騨
多治見市,岐阜県美濃東部
中津川市,岐阜県美濃東部
瑞浪市,岐阜県美濃東部
恵那市,岐阜県美濃東部
美濃加茂市,岐阜県美濃東部
土岐市,岐阜県美濃東部
可児市,岐阜県美濃東部
坂祝町,岐阜県美濃東部
富加町,岐阜県美濃東部
川辺町,岐阜県美濃東部
七宗町,岐阜県美濃東部
八百津町,岐阜県美濃東部
白川町,岐阜県美濃東部
東白川村,岐阜県美濃東部
御嵩町,岐阜県美濃東部
岐阜市,岐阜県美濃中西部
大垣市,岐阜県美濃中西部
関市,岐阜県美濃中西部
美濃市,岐阜県美濃中西部
羽島市,岐阜県美濃中西部
各務原市,岐阜県美濃中西部
岐阜山県市,岐阜県美濃中西部
瑞穂市,岐阜県美濃中西部
本巣市,岐阜県美濃中西部
郡上市,岐阜県美濃中西部
海津市,岐阜県美濃中西部
岐南町,岐阜県美濃中西部
笠松町,岐阜県美濃中西部
養老町,岐阜県美濃中西部
垂井町,岐阜県美濃中西部
関ケ原町,岐阜県美濃中西部
神戸町,岐阜県美濃中西部
輪之内町,岐阜県美濃中西部
安八町,岐阜県美濃中西部
揖斐川町,岐阜県美濃中西部
大野町,岐阜県美濃中西部
岐阜池田町,岐阜県美濃中西部
北方町,岐阜県美濃中西部
熱海市,静岡県伊豆
伊東市,静岡県伊豆
下田市,静岡県伊豆
伊豆市,静岡県伊豆
伊豆の国市,静岡県伊豆
東伊豆町,静岡県伊豆
河津町,静岡県伊豆
南伊豆町,静岡県伊豆
松崎町,静岡県伊豆
西伊豆町,静岡県伊豆
函南町,静岡県伊豆
沼津市,静岡県東部
三島市,静岡県東部
富士宮市,静岡県東部
富士市,静岡県東部
御殿場市,静岡県東部
裾野市,静岡県東部
静岡清水町,静岡県東部
長泉町,静岡県東部
小山町,静岡県東部
静岡葵区,静岡県中部
静岡駿河区,静岡県中部
静岡清水区,静岡県中部
島田市,静岡県中部
焼津市,静岡県中部
藤枝市,静岡県中部
牧之原市,静岡県中部
吉田町,静岡県中部
川根本町,静岡県中部
浜松中区,静岡県西部
浜松東区,静岡県西部
浜松西区,静岡県西部
浜松南区,静岡県西部
浜松北区,静岡県西部
浜松浜北区,静岡県西部
浜松天竜区,静岡県西部
磐田市,静岡県西部
掛川市,静岡県西部
袋井市,静岡県西部
湖西市,静岡県西部
御前崎市,静岡県西部
菊川市,静岡県西部
静岡森町,静岡県西部
豊橋市,愛知県東部
豊川市,愛知県東部
蒲郡市,愛知県東部
新城市,愛知県東部
田原市,愛知県東部
設楽町,愛知県東部
東栄町,愛知県東部
豊根村,愛知県東部
名古屋千種区,愛知県西部
名古屋東区,愛知県西部
名古屋北区,愛知県西部
名古屋西区,愛知県西部
名古屋中村区,愛知県西部
名古屋中区,愛知県西部
名古屋昭和区,愛知県西部
名古屋瑞穂区,愛知県西部
名古屋熱田区,愛知県西部
名古屋中川区,愛知県西部
名古屋港区,愛知県西部
名古屋南区,愛知県西部
名古屋守山区,愛知県西部
名古屋緑区,愛知県西部
名古屋名東区,愛知県西部
名古屋天白区,愛知県西部
岡崎市,愛知県西部
一宮市,愛知県西部
瀬戸市,愛知県西部
半田市,愛知県西部
春日井市,愛知県西部
愛知津島市,愛知県西部
碧南市,愛知県西部
刈谷市,愛知県西部
豊田市,愛知県西部
安城市,愛知県西部
西尾市,愛知県西部
犬山市,愛知県西部
常滑市,愛知県西部
愛知江南市,愛知県西部
小牧市,愛知県西部
稲沢市,愛知県西部
東海市,愛知県西部
大府市,愛知県西部
知多市,愛知県西部
知立市,愛知県西部
尾張旭市,愛知県西部
高浜市,愛知県西部
岩倉市,愛知県西部
豊明市,愛知県西部
日進市,愛知県西部
愛西市,愛知県西部
清須市,愛知県西部
北名古屋市,愛知県西部
弥富市,愛知県西部
愛知みよし市,愛知県西部
あま市,愛知県西部
長久手市,愛知県西部
東郷町,愛知県西部
豊山町,愛知県西部
大口町,愛知県西部
扶桑町,愛知県西部
大治町,愛知県西部
蟹江町,愛知県西部
飛島村,愛知県西部
阿久比町,愛知県西部
東浦町,愛知県西部
南知多町,愛知県西部
愛知美浜町,愛知県西部
武豊町,愛知県西部
幸田町,愛知県西部
四日市市,三重県北部
桑名市,三重県北部
鈴鹿市,三重県北部
亀山市,三重県北部
いなべ市,三重県北部
木曽岬町,三重県北部
東員町,三重県北部
菰野町,三重県北部
三重朝日町,三重県北部
川越町,三重県北部
津市,三重県中部
松阪市,三重県中部
名張市,三重県中部
伊賀市,三重県中部
多気町,三重県中部
三重明和町,三重県中部
伊勢市,三重県南部
尾鷲市,三重県南部
鳥羽市,三重県南部
熊野市,三重県南部
志摩市,三重県南部
大台町,三重県南部
玉城町,三重県南部
度会町,三重県南部
三重大紀町,三重県南部
南伊勢町,三重県南部
三重紀北町,三重県南部
三重御浜町,三重県南部
紀宝町,三重県南部
彦根市,滋賀県北部
長浜市,滋賀県北部
高島市,滋賀県北部
米原市,滋賀県北部
愛荘町,滋賀県北部
豊郷町,滋賀県北部
甲良町,滋賀県北部
多賀町,滋賀県北部
大津市,滋賀県南部
近江八幡市,滋賀県南部
草津市,滋賀県南部
守山市,滋賀県南部
栗東市,滋賀県南部
甲賀市,滋賀県南部
野洲市,滋賀県南部
湖南市,滋賀県南部
東近江市,滋賀県南部
滋賀日野町,滋賀県南部
竜王町,滋賀県南部
福知山市,京都府北部
舞鶴市,京都府北部
綾部市,京都府北部
宮津市,京都府北部
京丹後市,京都府北部
伊根町,京都府北部
与謝野町,京都府北部
京都北区,京都府南部
京都上京区,京都府南部
京都左京区,京都府南部
京都中京区,京都府南部
京都東山区,京都府南部
京都下京区,京都府南部
京都南区,京都府南部
京都右京区,京都府南部
京都伏見区,京都府南部
京都山科区,京都府南部
京都西京区,京都府南部
宇治市,京都府南部
亀岡市,京都府南部
城陽市,京都府南部
向日市,京都府南部
長岡京市,京都府南部
八幡市,京都府南部
京田辺市,京都府南部
南丹市,京都府南部
木津川市,京都府南部
大山崎町,京都府南部
久御山町,京都府南部
井手町,京都府南部
宇治田原町,京都府南部
笠置町,京都府南部
和束町,京都府南部
精華町,京都府南部
南山城村,京都府南部
京丹波町,京都府南部
大阪都島区,大阪府北部
大阪福島区,大阪府北部
大阪此花区,大阪府北部
大阪西区,大阪府北部
大阪港区,大阪府北部
大阪大正区,大阪府北部
大阪天王寺区,大阪府北部
大阪浪速区,大阪府北部
大阪西淀川区,大阪府北部
大阪東淀川区,大阪府北部
大阪東成区,大阪府北部
大阪生野区,大阪府北部
大阪旭区,大阪府北部
大阪城東区,大阪府北部
大阪阿倍野区,大阪府北部
大阪住吉区,大阪府北部
大阪東住吉区,大阪府北部
大阪西成区,大阪府北部
大阪淀川区,大阪府北部
大阪鶴見区,大阪府北部
大阪住之江区,大阪府北部
大阪平野区,大阪府北部
大阪北区,大阪府北部
大阪中央区,大阪府北部
豊中市,大阪府北部
池田市,大阪府北部
吹田市,大阪府北部
高槻市,大阪府北部
守口市,大阪府北部
枚方市,大阪府北部
茨木市,大阪府北部
八尾市,大阪府北部
寝屋川市,大阪府北部
大東市,大阪府北部
箕面市,大阪府北部
柏原市,大阪府北部
門真市,大阪府北部
摂津市,大阪府北部
東大阪市,大阪府北部
四條畷市,大阪府北部
交野市,大阪府北部
島本町,大阪府北部
豊能町,大阪府北部
能勢町,大阪府北部
大阪堺市堺区,大阪府南部
大阪堺市中区,大阪府南部
大阪堺市東区,大阪府南部
大阪堺市西区,大阪府南部
大阪堺市南区,大阪府南部
大阪堺市北区,大阪府南部
大阪堺市美原区,大阪府南部
岸和田市,大阪府南部
泉大津市,大阪府南部
貝塚市,大阪府南部
泉佐野市,大阪府南部
富田林市,大阪府南部
河内長野市,大阪府南部
松原市,大阪府南部
大阪和泉市,大阪府南部
羽曳野市,大阪府南部
高石市,大阪府南部
藤井寺市,大阪府南部
泉南市,大阪府南部
大阪狭山市,大阪府南部
阪南市,大阪府南部
忠岡町,大阪府南部
熊取町,大阪府南部
田尻町,大阪府南部
大阪岬町,大阪府南部
大阪太子町,大阪府南部
河南町,大阪府南部
千早赤阪村,大阪府南部
豊岡市,兵庫県北部
養父市,兵庫県北部
朝来市,兵庫県北部
兵庫香美町,兵庫県北部
新温泉町,兵庫県北部
神戸東灘区,兵庫県南東部
神戸灘区,兵庫県南東部
神戸兵庫区,兵庫県南東部
神戸長田区,兵庫県南東部
神戸須磨区,兵庫県南東部
神戸垂水区,兵庫県南東部
神戸北区,兵庫県南東部
神戸中央区,兵庫県南東部
神戸西区,兵庫県南東部
尼崎市,兵庫県南東部
明石市,兵庫県南東部
西宮市,兵庫県南東部
芦屋市,兵庫県南東部
伊丹市,兵庫県南東部
加古川市,兵庫県南東部
西脇市,兵庫県南東部
宝塚市,兵庫県南東部
三木市,兵庫県南東部
高砂市,兵庫県南東部
川西市,兵庫県南東部
小野市,兵庫県南東部
三田市,兵庫県南東部
加西市,兵庫県南東部
篠山市,兵庫県南東部
丹波市,兵庫県南東部
加東市,兵庫県南東部
猪名川町,兵庫県南東部
多可町,兵庫県南東部
兵庫稲美町,兵庫県南東部
播磨町,兵庫県南東部
姫路市,兵庫県南西部
相生市,兵庫県南西部
赤穂市,兵庫県南西部
宍粟市,兵庫県南西部
たつの市,兵庫県南西部
市川町,兵庫県南西部
福崎町,兵庫県南西部
兵庫神河町,兵庫県南西部
兵庫太子町,兵庫県南西部
上郡町,兵庫県南西部
佐用町,兵庫県南西部
洲本市,兵庫県淡路島
南あわじ市,兵庫県淡路島
淡路市,兵庫県淡路島
奈良市,奈良県
大和高田市,奈良県
大和郡山市,奈良県
天理市,奈良県
橿原市,奈良県
桜井市,奈良県
五條市,奈良県
御所市,奈良県
生駒市,奈良県
香芝市,奈良県
葛城市,奈良県
宇陀市,奈良県
山添村,奈良県
平群町,奈良県
三郷町,奈良県
斑鳩町,奈良県
安堵町,奈良県
奈良川西町,奈良県
三宅町,奈良県
田原本町,奈良県
曽爾村,奈良県
御杖村,奈良県
高取町,奈良県
明日香村,奈良県
上牧町,奈良県
王寺町,奈良県
広陵町,奈良県
河合町,奈良県
吉野町,奈良県
大淀町,奈良県
下市町,奈良県
黒滝村,奈良県
天川村,奈良県
野迫川村,奈良県
十津川村,奈良県
下北山村,奈良県
上北山村,奈良県
奈良川上村,奈良県
東吉野村,奈良県
和歌山市,和歌山県北部
海南市,和歌山県北部
橋本市,和歌山県北部
有田市,和歌山県北部
御坊市,和歌山県北部
紀の川市,和歌山県北部
岩出市,和歌山県北部
紀美野町,和歌山県北部
かつらぎ町,和歌山県北部
九度山町,和歌山県北部
高野町,和歌山県北部
湯浅町,和歌山県北部
和歌山広川町,和歌山県北部
有田川町,和歌山県北部
和歌山美浜町,和歌山県北部
和歌山日高町,和歌山県北部
由良町,和歌山県北部
和歌山印南町,和歌山県北部
みなべ町,和歌山県北部
日高川町,和歌山県北部
田辺市,和歌山県南部
新宮市,和歌山県南部
白浜町,和歌山県南部
上富田町,和歌山県南部
すさみ町,和歌山県南部
那智勝浦町,和歌山県南部
太地町,和歌山県南部
古座川町,和歌山県南部
北山村,和歌山県南部
串本町,和歌山県南部
鳥取市,鳥取県東部
岩美町,鳥取県東部
鳥取若桜町,鳥取県東部
智頭町,鳥取県東部
八頭町,鳥取県東部
倉吉市,鳥取県中部
三朝町,鳥取県中部
湯梨浜町,鳥取県中部
琴浦町,鳥取県中部
北栄町,鳥取県中部
米子市,鳥取県西部
境港市,鳥取県西部
日吉津村,鳥取県西部
大山町,鳥取県西部
鳥取南部町,鳥取県西部
伯耆町,鳥取県西部
日南町,鳥取県西部
鳥取日野町,鳥取県西部
江府町,鳥取県西部
松江市,島根県東部
出雲市,島根県東部
安来市,島根県東部
雲南市,島根県東部
奥出雲町,島根県東部
飯南町,島根県東部
浜田市,島根県西部
益田市,島根県西部
大田市,島根県西部
江津市,島根県西部
川本町,島根県西部
島根美郷町,島根県西部
邑南町,島根県西部
津和野町,島根県西部
吉賀町,島根県西部
海士町,島根県隠岐
西ノ島町,島根県隠岐
知夫村,島根県隠岐
隠岐の島町,島根県隠岐
津山市,岡山県北部
新見市,岡山県北部
真庭市,岡山県北部
美作市,岡山県北部
新庄村,岡山県北部
鏡野町,岡山県北部
勝央町,岡山県北部
奈義町,岡山県北部
西粟倉村,岡山県北部
久米南町,岡山県北部
岡山美咲町,岡山県北部
岡山北区,岡山県南部
岡山中区,岡山県南部
岡山東区,岡山県南部
岡山南区,岡山県南部
倉敷市,岡山県南部
玉野市,岡山県南部
笠岡市,岡山県南部
井原市,岡山県南部
総社市,岡山県南部
高梁市,岡山県南部
備前市,岡山県南部
瀬戸内市,岡山県南部
赤磐市,岡山県南部
浅口市,岡山県南部
和気町,岡山県南部
早島町,岡山県南部
里庄町,岡山県南部
矢掛町,岡山県南部
吉備中央町,岡山県南部
広島三次市,広島県北部
庄原市,広島県北部
安芸高田市,広島県北部
安芸太田町,広島県北部
北広島町,広島県北部
三原市,広島県南東部
尾道市,広島県南東部
福山市,広島県南東部
広島府中市,広島県南東部
世羅町,広島県南東部
神石高原町,広島県南東部
広島中区,広島県南西部
広島東区,広島県南西部
広島南区,広島県南西部
広島西区,広島県南西部
広島安佐南区,広島県南西部
広島安佐北区,広島県南西部
広島安芸区,広島県南西部
広島佐伯区,広島県南西部
呉市,広島県南西部
竹原市,広島県南西部
大竹市,広島県南西部
東広島市,広島県南西部
廿日市市,広島県南西部
江田島市,広島県南西部
府中町,広島県南西部
海田町,広島県南西部
熊野町,広島県南西部
坂町,広島県南西部
大崎上島町,広島県南西部
徳島市,徳島県北部
鳴門市,徳島県北部
小松島市,徳島県北部
吉野川市,徳島県北部
阿波市,徳島県北部
美馬市,徳島県北部
徳島三好市,徳島県北部
佐那河内村,徳島県北部
石井町,徳島県北部
神山町,徳島県北部
松茂町,徳島県北部
北島町,徳島県北部
藍住町,徳島県北部
板野町,徳島県北部
上板町,徳島県北部
つるぎ町,徳島県北部
東みよし町,徳島県北部
阿南市,徳島県南部
勝浦町,徳島県南部
上勝町,徳島県南部
那賀町,徳島県南部
牟岐町,徳島県南部
美波町,徳島県南部
海陽町,徳島県南部
高松市,香川県東部
さぬき市,香川県東部
東かがわ市,香川県東部
土庄町,香川県東部
小豆島町,香川県東部
三木町,香川県東部
直島町,香川県東部
丸亀市,香川県西部
坂出市,香川県西部
善通寺市,香川県西部
観音寺市,香川県西部
三豊市,香川県西部
宇多津町,香川県西部
綾川町,香川県西部
琴平町,香川県西部
多度津町,香川県西部
まんのう町,香川県西部
今治市,愛媛県東予
新居浜市,愛媛県東予
西条市,愛媛県東予
四国中央市,愛媛県東予
上島町,愛媛県東予
松山市,愛媛県中予
伊予市,愛媛県中予
東温市,愛媛県中予
久万高原町,愛媛県中予
愛媛松前町,愛媛県中予
砥部町,愛媛県中予
宇和島市,愛媛県南予
八幡浜市,愛媛県南予
大洲市,愛媛県南予
西予市,愛媛県南予
内子町,愛媛県南予
伊方町,愛媛県南予
松野町,愛媛県南予
愛媛鬼北町,愛媛県南予
愛南町,愛媛県南予
室戸市,高知県東部
安芸市,高知県東部
東洋町,高知県東部
奈半利町,高知県東部
田野町,高知県東部
安田町,高知県東部
北川村,高知県東部
馬路村,高知県東部
芸西村,高知県東部
高知市,高知県中部
南国市,高知県中部
土佐市,高知県中部
須崎市,高知県中部
高知香南市,高知県中部
香美市,高知県中部
本山町,高知県中部
大豊町,高知県中部
土佐町,高知県中部
大川村,高知県中部
いの町,高知県中部
仁淀川町,高知県中部
佐川町,高知県中部
越知町,高知県中部
日高村,高知県中部
宿毛市,高知県西部
土佐清水市,高知県西部
四万十市,高知県西部
中土佐町,高知県西部
梼原町,高知県西部
高知津野町,高知県西部
四万十町,高知県西部
大月町,高知県西部
三原村,高知県西部
黒潮町,高知県西部
萩市,山口県北部
長門市,山口県北部
美祢市,山口県北部
阿武町,山口県北部
下関市,山口県西部
宇部市,山口県西部
山陽小野田市,山口県西部
岩国市,山口県東部
光市,山口県東部
柳井市,山口県東部
周防大島町,山口県東部
和木町,山口県東部
上関町,山口県東部
田布施町,山口県東部
平生町,山口県東部
山口市,山口県中部
防府市,山口県中部
下松市,山口県中部
周南市,山口県中部
福岡東区,福岡県福岡
福岡博多区,福岡県福岡
福岡中央区,福岡県福岡
福岡南区,福岡県福岡
福岡西区,福岡県福岡
福岡城南区,福岡県福岡
福岡早良区,福岡県福岡
筑紫野市,福岡県福岡
春日市,福岡県福岡
大野城市,福岡県福岡
宗像市,福岡県福岡
太宰府市,福岡県福岡
福岡古賀市,福岡県福岡
福津市,福岡県福岡
糸島市,福岡県福岡
福岡那珂川町,福岡県福岡
宇美町,福岡県福岡
篠栗町,福岡県福岡
志免町,福岡県福岡
須恵町,福岡県福岡
新宮町,福岡県福岡
久山町,福岡県福岡
粕屋町,福岡県福岡
北九州門司区,福岡県北九州
北九州若松区,福岡県北九州
北九州戸畑区,福岡県北九州
北九州小倉北区,福岡県北九州
北九州小倉南区,福岡県北九州
北九州八幡東区,福岡県北九州
北九州八幡西区,福岡県北九州
行橋市,福岡県北九州
豊前市,福岡県北九州
中間市,福岡県北九州
芦屋町,福岡県北九州
水巻町,福岡県北九州
岡垣町,福岡県北九州
遠賀町,福岡県北九州
苅田町,福岡県北九州
みやこ町,福岡県北九州
吉富町,福岡県北九州
上毛町,福岡県北九州
築上町,福岡県北九州
直方市,福岡県筑豊
飯塚市,福岡県筑豊
田川市,福岡県筑豊
宮若市,福岡県筑豊
嘉麻市,福岡県筑豊
小竹町,福岡県筑豊
鞍手町,福岡県筑豊
桂川町,福岡県筑豊
香春町,福岡県筑豊
添田町,福岡県筑豊
糸田町,福岡県筑豊
福岡川崎町,福岡県筑豊
大任町,福岡県筑豊
赤村,福岡県筑豊
福智町,福岡県筑豊
大牟田市,福岡県筑後
久留米市,福岡県筑後
柳川市,福岡県筑後
八女市,福岡県筑後
筑後市,福岡県筑後
大川市,福岡県筑後
小郡市,福岡県筑後
うきは市,福岡県筑後
朝倉市,福岡県筑後
みやま市,福岡県筑後
筑前町,福岡県筑後
東峰村,福岡県筑後
大刀洗町,福岡県筑後
大木町,福岡県筑後
福岡広川町,福岡県筑後
唐津市,佐賀県北部
伊万里市,佐賀県北部
玄海町,佐賀県北部
有田町,佐賀県北部
佐賀市,佐賀県南部
鳥栖市,佐賀県南部
多久市,佐賀県南部
武雄市,佐賀県南部
佐賀鹿島市,佐賀県南部
小城市,佐賀県南部
嬉野市,佐賀県南部
神埼市,佐賀県南部
吉野ヶ里町,佐賀県南部
基山町,佐賀県南部
上峰町,佐賀県南部
みやき町,佐賀県南部
大町町,佐賀県南部
江北町,佐賀県南部
白石町,佐賀県南部
太良町,佐賀県南部
佐世保市,長崎県北部
平戸市,長崎県北部
松浦市,長崎県北部
東彼杵町,長崎県北部
川棚町,長崎県北部
波佐見町,長崎県北部
佐々町,長崎県北部
長崎市,長崎県南西部
諫早市,長崎県南西部
大村市,長崎県南西部
西海市,長崎県南西部
長与町,長崎県南西部
時津町,長崎県南西部
島原市,長崎県島原半島
雲仙市,長崎県島原半島
南島原市,長崎県島原半島
長崎対馬市,長崎県対馬
壱岐市,長崎県壱岐
佐世保市宇久島,長崎県五島
五島市,長崎県五島
小値賀町,長崎県五島
新上五島町,長崎県五島
阿蘇市,熊本県阿蘇
南小国町,熊本県阿蘇
熊本小国町,熊本県阿蘇
産山村,熊本県阿蘇
熊本高森町,熊本県阿蘇
南阿蘇村,熊本県阿蘇
熊本中央区,熊本県熊本
熊本東区,熊本県熊本
熊本西区,熊本県熊本
熊本南区,熊本県熊本
熊本北区,熊本県熊本
八代市,熊本県熊本
荒尾市,熊本県熊本
玉名市,熊本県熊本
山鹿市,熊本県熊本
菊池市,熊本県熊本
宇土市,熊本県熊本
宇城市,熊本県熊本
合志市,熊本県熊本
熊本美里町,熊本県熊本
玉東町,熊本県熊本
南関町,熊本県熊本
長洲町,熊本県熊本
和水町,熊本県熊本
大津町,熊本県熊本
菊陽町,熊本県熊本
西原村,熊本県熊本
御船町,熊本県熊本
嘉島町,熊本県熊本
益城町,熊本県熊本
甲佐町,熊本県熊本
山都町,熊本県熊本
氷川町,熊本県熊本
人吉市,熊本県球磨
錦町,熊本県球磨
多良木町,熊本県球磨
湯前町,熊本県球磨
水上村,熊本県球磨
相良村,熊本県球磨
五木村,熊本県球磨
山江村,熊本県球磨
球磨村,熊本県球磨
あさぎり町,熊本県球磨
水俣市,熊本県天草・芦北
上天草市,熊本県天草・芦北
天草市,熊本県天草・芦北
芦北町,熊本県天草・芦北
津奈木町,熊本県天草・芦北
苓北町,熊本県天草・芦北
中津市,大分県北部
豊後高田市,大分県北部
宇佐市,大分県北部
国東市,大分県北部
姫島村,大分県北部
大分市,大分県中部
別府市,大分県中部
臼杵市,大分県中部
津久見市,大分県中部
杵築市,大分県中部
由布市,大分県中部
日出町,大分県中部
佐伯市,大分県南部
豊後大野市,大分県南部
日田市,大分県西部
竹田市,大分県西部
九重町,大分県西部
玖珠町,大分県西部
延岡市,宮崎県北部平野部
日向市,宮崎県北部平野部
西都市,宮崎県北部平野部
高鍋町,宮崎県北部平野部
新富町,宮崎県北部平野部
木城町,宮崎県北部平野部
川南町,宮崎県北部平野部
宮崎都農町,宮崎県北部平野部
門川町,宮崎県北部平野部
西米良村,宮崎県北部山沿い
諸塚村,宮崎県北部山沿い
椎葉村,宮崎県北部山沿い
宮崎美郷町,宮崎県北部山沿い
高千穂町,宮崎県北部山沿い
日之影町,宮崎県北部山沿い
五ヶ瀬町,宮崎県北部山沿い
宮崎市,宮崎県南部平野部
日南市,宮崎県南部平野部
串間市,宮崎県南部平野部
国富町,宮崎県南部平野部
綾町,宮崎県南部平野部
都城市,宮崎県南部山沿い
小林市,宮崎県南部山沿い
えびの市,宮崎県南部山沿い
三股町,宮崎県南部山沿い
高原町,宮崎県南部山沿い
鹿児島市,鹿児島県薩摩
枕崎市,鹿児島県薩摩
阿久根市,鹿児島県薩摩
鹿児島出水市,鹿児島県薩摩
指宿市,鹿児島県薩摩
薩摩川内市,鹿児島県薩摩
日置市,鹿児島県薩摩
霧島市,鹿児島県薩摩
いちき串木野市,鹿児島県薩摩
南さつま市,鹿児島県薩摩
南九州市,鹿児島県薩摩
伊佐市,鹿児島県薩摩
姶良市,鹿児島県薩摩
さつま町,鹿児島県薩摩
長島町,鹿児島県薩摩
湧水町,鹿児島県薩摩
鹿屋市,鹿児島県大隅
垂水市,鹿児島県大隅
曽於市,鹿児島県大隅
志布志市,鹿児島県大隅
大崎町,鹿児島県大隅
東串良町,鹿児島県大隅
錦江町,鹿児島県大隅
南大隅町,鹿児島県大隅
肝付町,鹿児島県大隅
鹿児島十島村,鹿児島県十島村
薩摩川内市甑島,鹿児島県甑島
西之表市,鹿児島県種子島
三島村,鹿児島県種子島
中種子町,鹿児島県種子島
南種子町,鹿児島県種子島
屋久島町,鹿児島県屋久島
奄美市,鹿児島県奄美北部
大和村,鹿児島県奄美北部
宇検村,鹿児島県奄美北部
瀬戸内町,鹿児島県奄美北部
龍郷町,鹿児島県奄美北部
喜界町,鹿児島県奄美北部
徳之島町,鹿児島県奄美南部
天城町,鹿児島県奄美南部
伊仙町,鹿児島県奄美南部
和泊町,鹿児島県奄美南部
知名町,鹿児島県奄美南部
与論町,鹿児島県奄美南部
名護市,沖縄県本島北部
国頭村,沖縄県本島北部
大宜味村,沖縄県本島北部
東村,沖縄県本島北部
今帰仁村,沖縄県本島北部
本部町,沖縄県本島北部
恩納村,沖縄県本島北部
宜野座村,沖縄県本島北部
金武町,沖縄県本島北部
伊江村,沖縄県本島北部
粟国村,沖縄県本島北部
伊平屋村,沖縄県本島北部
伊是名村,沖縄県本島北部
那覇市,沖縄県本島中南部
宜野湾市,沖縄県本島中南部
浦添市,沖縄県本島中南部
糸満市,沖縄県本島中南部
沖縄市,沖縄県本島中南部
豊見城市,沖縄県本島中南部
うるま市,沖縄県本島中南部
南城市,沖縄県本島中南部
読谷村,沖縄県本島中南部
嘉手納町,沖縄県本島中南部
北谷町,沖縄県本島中南部
北中城村,沖縄県本島中南部
中城村,沖縄県本島中南部
西原町,沖縄県本島中南部
与那原町,沖縄県本島中南部
南風原町,沖縄県本島中南部
渡嘉敷村,沖縄県本島中南部
座間味村,沖縄県本島中南部
渡名喜村,沖縄県本島中南部
八重瀬町,沖縄県本島中南部
久米島町,沖縄県久米島
南大東村,沖縄県大東島
北大東村,沖縄県大東島
宮古島市,沖縄県宮古島
多良間村,沖縄県宮古島
石垣市,沖縄県石垣島
与那国町,沖縄県与那国島
竹富町,沖縄県西表島
